"code","cbs_code","name","authority_name","authority_name_moin","moin_code_col_a","moin_code_col_c","district","type","municipal_status","population","population_2024","socio_cluster_2021","cbs_socio_cluster","socio_rank_2021","socio_value_2021","periphery_cluster_2020","cbs_periphery_cluster","periphery_rank_2020","periphery_value_2020","education_expense_1486_tk","education_revenue_1384_tk","education_net_difference_tk","municipal_education_self_funding_rate","regular_budget_expense_40811_tk","regular_budget_revenue_40814_tk","own_revenue_1805_tk","own_revenue_share_pct","own_revenues_per_capita_nis","arnona_residential_4138_tk","arnona_residential_per_capita_nis","arnona_other_4146_tk","arnona_other_per_capita_nis","arnona_total_4162_tk","arnona_total_per_capita_nis","balancing_grant_1819_tk","balancing_grant_per_capita_nis","is_tamar_outlier","is_war_evacuated_2024","anomaly_classification","arnona_identity_valid","provenance"
"2710","2710","אום אל-פחם","אום אל-פחם","אום אל-פחם","3008","92710","חיפה","עירייה","עירייה","60209","60209","2","2","21","-1.26558136987645","5","5","146","0.174701596728514","250285","216806","33479","13.38","478734","473292","131844","27.86","2189.77","50764","843.13","25822","428.87","76586","1272","43414","721.05","False","False","STANDARD","True","MOIN_AUDITED_2024_CBS_2024_STAGE4B_VERIFIED"
"31","31","אופקים","אופקים","אופקים","2825","50031","הדרום","עירייה","עירייה","39893","39893","3","3","63","-0.729950890181144","3","3","66","-0.467068117421229","130745","96921","33824","25.87","336437","336435","133854","39.79","3355.33","42779","1072.34","21873","548.29","64652","1620.64","54190","1358.38","False","False","STANDARD","True","MOIN_AUDITED_2024_CBS_2024_STAGE4B_VERIFIED"
"2400","2400","אור יהודה","אור יהודה","אור יהודה","2844","52400","תל אביב","עירייה","עירייה","41130","41130","5","5","134","0.00540046441061977","8","8","241","2.4845618745274","183920","115974","67946","36.94","479675","479685","307974","64.2","7487.82","72649","1766.33","108741","2643.84","181390","4410.16","1595","38.78","False","False","STANDARD","True","MOIN_AUDITED_2024_CBS_2024_STAGE4B_VERIFIED"
"1020","1020","אור עקיבא","אור עקיבא","אור עקיבא","2836","51020","חיפה","עירייה","עירייה","25922","25922","5","5","131","-0.00937863600593537","6","6","167","0.422480993230616","82321","68809","13512","16.41","255119","250622","153663","61.31","5927.9","38344","1479.21","36423","1405.1","74767","2884.31","13126","506.37","False","False","STANDARD","True","MOIN_AUDITED_2024_CBS_2024_STAGE4B_VERIFIED"
"2600","2600","אילת","אילת","אילת","2788","32600","הדרום","עירייה","עירייה","56004","56004","6","6","145","0.151388571478724","1","1","1","-2.48389573900517","245561","205089","40472","16.48","776464","771666","491849","63.74","8782.39","88481","1579.91","263158","4698.91","351639","6278.82","0","0","False","False","TRUE_ZERO_BALANCING","True","MOIN_AUDITED_2024_CBS_2024_STAGE4B_VERIFIED"
"1309","1309","אלעד","אלעד","אלעד","2918","81309","המרכז","עירייה","עירייה","50846","50846","2","2","17","-1.45199767655184","7","7","224","1.51792210385811","112295","83029","29266","26.06","295658","295748","105860","35.79","2081.97","37853","744.46","14083","276.97","51936","1021.44","38548","758.13","False","False","STANDARD","True","MOIN_AUDITED_2024_CBS_2024_STAGE4B_VERIFIED"
"3570","3570","אריאל","אריאל","אריאל","2922","83570","אזור יהודה והשומרון","עירייה","עירייה","22191","22191","6","6","154","0.22708756891988","5","5","151","0.220762816096218","60243","41645","18598","30.87","185818","182115","107053","58.78","4824.16","25471","1147.81","36945","1664.86","62416","2812.67","9925","447.25","False","False","STANDARD","True","MOIN_AUDITED_2024_CBS_2024_STAGE4B_VERIFIED"
"70","70","אשדוד","אשדוד","אשדוד","2781","30070","הדרום","עירייה","עירייה","228562","228562","5","5","107","-0.245564439646911","7","7","211","1.20621099163369","930218","691159","239059","25.7","2346260","2346531","1501367","63.98","6568.75","319225","1396.67","594540","2601.22","913765","3997.89","0","0","False","False","TRUE_ZERO_BALANCING","True","MOIN_AUDITED_2024_CBS_2024_STAGE4B_VERIFIED"
"7100","7100","אשקלון","אשקלון","אשקלון","2794","37100","הדרום","עירייה","עירייה","166864","166864","5","5","114","-0.134689456330788","6","6","177","0.571492114081238","577133","401407","175726","30.45","1553699","1553702","998738","64.28","5985.34","203201","1217.76","395705","2371.42","598906","3589.19","0","0","False","False","TRUE_ZERO_BALANCING","True","MOIN_AUDITED_2024_CBS_2024_STAGE4B_VERIFIED"
"6000","6000","באקה אל-גרביה","באקה אל-גרביה","באקה אל-גרבייה","3016","96000","חיפה","עירייה","עירייה","31275","31275","4","4","81","-0.560439029995271","6","6","170","0.454415130991921","112539","101611","10928","9.71","229230","226129","75129","33.22","2402.21","30899","987.98","15144","484.22","46043","1472.2","20328","649.98","False","False","STANDARD","True","MOIN_AUDITED_2024_CBS_2024_STAGE4B_VERIFIED"
"2530","2530","באר יעקב","באר יעקב","באר יעקב","2875","62530","המרכז","עירייה","עירייה","37491","37491","7","7","197","0.782741778544783","8","8","233","1.99659876403229","150490","87593","62897","41.79","364173","364272","250123","68.66","6671.55","62700","1672.4","52931","1411.83","115631","3084.23","0","0","False","False","TRUE_ZERO_BALANCING","True","MOIN_AUDITED_2024_CBS_2024_STAGE4B_VERIFIED"
"9000","9000","באר שבע","באר שבע","באר שבע","2802","39000","הדרום","עירייה","עירייה","223587","223587","5","5","117","-0.111061644034676","5","5","145","0.165809514096028","902349","699539","202810","22.48","2566883","2567096","1648195","64.2","7371.6","373049","1668.47","555323","2483.7","928372","4152.17","0","0","False","False","TRUE_ZERO_BALANCING","True","MOIN_AUDITED_2024_CBS_2024_STAGE4B_VERIFIED"
"9200","9200","בית שאן","בית שאן","בית שאן","2851","59200","הצפון","עירייה","עירייה","20252","20252","4","4","97","-0.391525848127436","3","3","47","-0.609493399747518","72133","46559","25574","35.45","251096","219329","100789","45.95","4976.74","25398","1254.1","23844","1177.37","49242","2431.46","26559","1311.43","False","False","STANDARD","True","MOIN_AUDITED_2024_CBS_2024_STAGE4B_VERIFIED"
"2610","2610","בית שמש","בית שמש","בית שמש","2846","52610","ירושלים","עירייה","עירייה","176786","176786","2","2","15","-1.48493135632558","6","6","183","0.671239512610704","388441","266974","121467","31.27","1025274","988773","487883","49.34","2759.74","160194","906.15","148438","839.65","308632","1745.79","61719","349.12","False","False","STANDARD","True","MOIN_AUDITED_2024_CBS_2024_STAGE4B_VERIFIED"
"3780","3780","ביתר עילית","ביתר עילית","ביתר עילית","2850","53780","אזור יהודה והשומרון","עירייה","עירייה","71697","71697","2","2","10","-1.91954367084584","5","5","165","0.333123102538583","143789","125122","18667","12.98","405178","410918","135623","33","1891.61","34353","479.14","23878","333.04","58231","812.18","61528","858.17","False","False","STANDARD","True","MOIN_AUDITED_2024_CBS_2024_STAGE4B_VERIFIED"
"6100","6100","בני ברק","בני ברק","בני ברק","2768","26100","תל אביב","עירייה","עירייה","229996","229996","2","2","14","-1.62747909879985","10","10","252","3.99418166541613","910009","755145","154864","17.02","2115482","2102395","1033733","49.17","4494.57","157458","684.61","383246","1666.32","540704","2350.93","101484","441.24","False","False","STANDARD","True","MOIN_AUDITED_2024_CBS_2024_STAGE4B_VERIFIED"
"6200","6200","בת ים","בת ים","בת ים","2769","26200","תל אביב","עירייה","עירייה","129494","129494","5","5","109","-0.219492845662228","9","9","243","2.68342337876259","361908","247593","114315","31.59","1171089","1171350","704962","60.18","5443.97","233045","1799.66","158392","1223.16","391437","3022.82","53329","411.83","False","False","STANDARD","True","MOIN_AUDITED_2024_CBS_2024_STAGE4B_VERIFIED"
"681","681","גבעת שמואל","גבעת שמואל","גבעת שמואל","2806","40681","המרכז","עירייה","עירייה","29405","29405","8","8","215","1.13506035246151","10","10","251","3.89964384721089","93374","61297","32077","34.35","232700","237555","162183","68.27","5515.49","65385","2223.6","27920","949.5","93305","3173.1","0","0","False","False","TRUE_ZERO_BALANCING","True","MOIN_AUDITED_2024_CBS_2024_STAGE4B_VERIFIED"
"6300","6300","גבעתיים","גבעתיים","גבעתיים","2770","26300","תל אביב","עירייה","עירייה","58601","58601","9","9","244","1.56890733568276","10","10","255","4.97287929611003","192661","128760","63901","33.17","570834","571589","410424","71.8","7003.7","157327","2684.72","102292","1745.57","259619","4430.28","0","0","False","False","TRUE_ZERO_BALANCING","True","MOIN_AUDITED_2024_CBS_2024_STAGE4B_VERIFIED"
"229","229","גני תקווה","גני תקווה","גני תקווה","2827","50229","המרכז","עירייה","עירייה","25488","25488","9","9","239","1.47448107069317","9","9","246","2.92299140170836","103741","77016","26725","25.76","213616","213190","127559","59.83","5004.67","69253","2717.08","7182","281.78","76435","2998.86","921","36.13","False","False","STANDARD","True","MOIN_AUDITED_2024_CBS_2024_STAGE4B_VERIFIED"
"2200","2200","דימונה","דימונה","דימונה","2786","32200","הדרום","עירייה","עירייה","39590","39590","4","4","98","-0.387165506931132","2","2","22","-0.969496988743827","127045","88395","38650","30.42","423140","423390","214242","50.6","5411.52","51273","1295.1","72983","1843.47","124256","3138.57","40756","1029.45","False","False","STANDARD","True","MOIN_AUDITED_2024_CBS_2024_STAGE4B_VERIFIED"
"9700","9700","הוד השרון","הוד השרון","הוד השרון","2881","69700","המרכז","עירייה","עירייה","66398","66398","9","9","243","1.56742905818758","8","8","236","2.12825796985983","304323","208136","96187","31.61","682274","682323","452401","66.3","6813.47","174066","2621.55","128382","1933.52","302448","4555.08","0","0","False","False","TRUE_ZERO_BALANCING","True","MOIN_AUDITED_2024_CBS_2024_STAGE4B_VERIFIED"
"6400","6400","הרצלייה","הרצלייה","הרצליה","2771","26400","תל אביב","עירייה","עירייה","110884","110884","8","8","232","1.36071610391604","8","8","235","2.1274916816227","468167","278057","190110","40.61","1215527","1292446","939042","72.66","8468.69","267728","2414.49","401412","3620.11","669140","6034.59","0","0","False","False","TRUE_ZERO_BALANCING","True","MOIN_AUDITED_2024_CBS_2024_STAGE4B_VERIFIED"
"6500","6500","חדרה","חדרה","חדרה","2772","26500","חיפה","עירייה","עירייה","107974","107974","6","6","148","0.184153504149755","6","6","189","0.780257057837288","285956","170955","115001","40.22","922505","923300","635070","68.78","5881.69","187859","1739.85","264216","2447.03","452075","4186.89","0","0","False","False","TRUE_ZERO_BALANCING","True","MOIN_AUDITED_2024_CBS_2024_STAGE4B_VERIFIED"
"6600","6600","חולון","חולון","חולון","2773","26600","תל אביב","עירייה","עירייה","191829","191829","7","7","162","0.37123578034438","9","9","247","3.04956408875465","766423","528315","238108","31.07","1841145","1941209","1266223","65.23","6600.79","328181","1710.8","431848","2251.21","760029","3962.01","0","0","False","False","TRUE_ZERO_BALANCING","True","MOIN_AUDITED_2024_CBS_2024_STAGE4B_VERIFIED"
"4000","4000","חיפה","חיפה","חיפה","2753","14000","חיפה","עירייה","עירייה","297082","297082","7","7","164","0.390612174986643","6","6","198","0.907848064704507","892236","595687","296549","33.24","3778802","3779190","2919321","77.25","9826.65","639414","2152.31","1003344","3377.33","1642758","5529.65","0","0","False","False","TRUE_ZERO_BALANCING","True","MOIN_AUDITED_2024_CBS_2024_STAGE4B_VERIFIED"
"1247","1247","חריש","חריש","חריש","2914","81247","חיפה","עירייה","עירייה","41574","41574","5","5","111","-0.182033165303213","5","5","150","0.206454630254043","209140","175699","33441","15.99","416274","390156","168783","43.26","4059.82","72006","1732","11577","278.47","83583","2010.46","18153","436.64","False","False","STANDARD","True","MOIN_AUDITED_2024_CBS_2024_STAGE4B_VERIFIED"
"6700","6700","טבריה","טבריה","טבריה","2791","36700","הצפון","עירייה","עירייה","52123","52123","3","3","55","-0.77858470780807","3","3","54","-0.561944541902721","144195","114509","29686","20.59","478850","478977","251672","52.54","4828.43","63405","1216.45","97455","1869.71","160860","3086.16","32028","614.47","False","False","STANDARD","True","MOIN_AUDITED_2024_CBS_2024_STAGE4B_VERIFIED"
"2730","2730","טייבה","טייבה","טייבה","3010","92730","המרכז","עירייה","עירייה","46870","46870","3","3","71","-0.679551234395242","6","6","199","0.923731000460152","84404","74833","9571","11.34","220465","220885","91427","41.39","1950.65","39174","835.8","10151","216.58","49325","1052.38","29886","637.64","False","False","STANDARD","True","MOIN_AUDITED_2024_CBS_2024_STAGE4B_VERIFIED"
"2720","2720","טירה","טירה","טירה","3009","92720","המרכז","עירייה","עירייה","27680","27680","5","5","104","-0.274896250644097","6","6","209","1.11240415517028","57941","48677","9264","15.99","158679","155492","67668","43.52","2444.65","22382","808.6","17444","630.2","39826","1438.8","12309","444.69","False","False","STANDARD","True","MOIN_AUDITED_2024_CBS_2024_STAGE4B_VERIFIED"
"2100","2100","טירת כרמל","טירת כרמל","טירת כרמל","2843","52100","חיפה","עירייה","עירייה","32167","32167","6","6","142","0.108314056835817","5","5","128","0.0495804846466146","108753","70944","37809","34.77","341056","341080","200956","58.92","6247.27","47570","1478.84","67104","2086.11","114674","3564.96","19166","595.83","False","False","STANDARD","True","MOIN_AUDITED_2024_CBS_2024_STAGE4B_VERIFIED"
"8900","8900","טמרה","טמרה","טמרה","3018","98900","הצפון","עירייה","עירייה","36918","36918","3","3","56","-0.773227408708961","4","4","120","-0.0478690433078938","156271","139341","16930","10.83","316142","292012","79029","27.06","2140.66","34702","939.98","18425","499.08","53127","1439.05","30029","813.4","False","False","STANDARD","True","MOIN_AUDITED_2024_CBS_2024_STAGE4B_VERIFIED"
"2660","2660","יבנה","יבנה","יבנה","2848","52660","המרכז","עירייה","עירייה","58090","58090","7","7","171","0.513738427359783","7","7","215","1.28102000904515","245277","176892","68385","27.88","548033","548178","323456","59.01","5568.19","105288","1812.5","136037","2341.83","241325","4154.33","0","0","False","False","TRUE_ZERO_BALANCING","True","MOIN_AUDITED_2024_CBS_2024_STAGE4B_VERIFIED"
"9400","9400","יהוד-מונוסון","יהוד-מונוסון","יהוד-מונוסון","2852","59400","המרכז","עירייה","עירייה","32146","32146","7","7","206","0.962620481770494","8","8","238","2.28009918555602","90775","51607","39168","43.15","273754","278529","200588","72.02","6239.91","75549","2350.18","76130","2368.26","151679","4718.44","0","0","False","False","TRUE_ZERO_BALANCING","True","MOIN_AUDITED_2024_CBS_2024_STAGE4B_VERIFIED"
"240","240","יקנעם עילית","יקנעם עילית","יקנעם עילית","2860","60240","הצפון","עירייה","עירייה","24928","24928","7","7","199","0.795086717880612","5","5","130","0.0615613343138869","125673","91762","33911","26.98","275164","272982","163347","59.84","6552.75","34455","1382.18","71068","2850.93","105523","4233.11","433","17.37","False","False","STANDARD","True","MOIN_AUDITED_2024_CBS_2024_STAGE4B_VERIFIED"
"3000","3000","ירושלים","ירושלים","ירושלים","2752","13000","ירושלים","עירייה","עירייה","1050153","1050153","2","2","25","-1.19647773464424","9","9","250","3.49093523232998","3153868","2154459","999409","31.69","9173069","9173491","4830754","52.66","4600.05","1286937","1225.48","1404050","1337","2690987","2562.47","1107000","1054.13","False","False","STANDARD","True","MOIN_AUDITED_2024_CBS_2024_STAGE4B_VERIFIED"
"168","168","כפר יונה","כפר יונה","כפר יונה","2857","60168","המרכז","עירייה","עירייה","29820","29820","7","7","196","0.781458473287862","6","6","201","0.937810569747549","125902","102517","23385","18.57","253294","253319","120722","47.66","4048.36","64259","2154.9","12311","412.84","76570","2567.74","7844","263.04","False","False","STANDARD","True","MOIN_AUDITED_2024_CBS_2024_STAGE4B_VERIFIED"
"6900","6900","כפר סבא","כפר סבא","כפר סבא","2774","26900","המרכז","עירייה","עירייה","99410","99410","8","8","218","1.19214036094155","8","8","230","1.9475765315756","507753","345191","162562","32.02","1142353","1145826","754821","65.88","7593.01","231138","2325.1","241796","2432.31","472934","4757.41","0","0","False","False","TRUE_ZERO_BALANCING","True","MOIN_AUDITED_2024_CBS_2024_STAGE4B_VERIFIED"
"634","634","כפר קאסם","כפר קאסם","כפר קאסם","2985","90634","המרכז","עירייה","עירייה","27996","27996","4","4","79","-0.573980426544211","7","7","219","1.438294318822","132576","105020","27556","20.79","236085","232207","83760","36.07","2991.86","24040","858.69","36541","1305.22","60581","2163.92","15537","554.97","False","False","STANDARD","True","MOIN_AUDITED_2024_CBS_2024_STAGE4B_VERIFIED"
"654","654","כפר קרע","כפר קרע","כפר קרע","2988","90654","חיפה","עירייה","עירייה","21066","21066","5","5","116","-0.111752450209526","5","5","154","0.242903960890722","74112","65813","8299","11.2","154738","155013","53458","34.49","2537.64","25855","1227.33","6625","314.49","32480","1541.82","17084","810.98","False","False","STANDARD","True","MOIN_AUDITED_2024_CBS_2024_STAGE4B_VERIFIED"
"1139","1139","כרמיאל","כרמיאל","כרמיאל","2840","51139","הצפון","עירייה","עירייה","47941","47941","5","5","137","0.0196535921530683","4","4","88","-0.282112620531098","117958","66771","51187","43.39","463181","448188","289744","64.65","6043.76","78391","1635.16","138273","2884.23","216664","4519.39","4216","87.94","False","False","STANDARD","True","MOIN_AUDITED_2024_CBS_2024_STAGE4B_VERIFIED"
"7000","7000","לוד","לוד","לוד","2793","37000","המרכז","עירייה","עירייה","94189","94189","3","3","61","-0.738284963348778","8","8","228","1.74032364672705","281565","210759","70806","25.15","750064","752646","394940","52.47","4193.06","85479","907.53","166481","1767.52","251960","2675.05","38037","403.84","False","False","STANDARD","True","MOIN_AUDITED_2024_CBS_2024_STAGE4B_VERIFIED"
"481","481","מגאר","מגאר","מגאר","2941","90481","הצפון","עירייה","עירייה","23486","23486","3","3","53","-0.792888220115192","3","3","58","-0.535551025362093","99864","89985","9879","9.89","218168","217980","54063","24.8","2301.92","17502","745.21","9582","407.99","27084","1153.2","40074","1706.29","False","False","STANDARD","True","MOIN_AUDITED_2024_CBS_2024_STAGE4B_VERIFIED"
"874","874","מגדל העמק","מגדל העמק","מגדל העמק","2833","50874","הצפון","עירייה","עירייה","28430","28430","4","4","96","-0.397523007116569","4","4","124","0.00445543496013614","94081","60620","33461","35.57","267760","265788","146175","55","5141.58","32147","1130.74","68482","2408.79","100629","3539.54","17571","618.04","False","False","STANDARD","True","MOIN_AUDITED_2024_CBS_2024_STAGE4B_VERIFIED"
"1200","1200","מודיעין-מכבים-רעות","מודיעין-מכבים-רעות","מודיעין-מכבים-רעות","2913","81200","המרכז","עירייה","עירייה","100052","100052","8","8","237","1.42016822765406","6","6","210","1.12832343480572","456325","352829","103496","22.68","932398","935551","539707","57.69","5394.26","224994","2248.77","179763","1796.7","404757","4045.47","0","0","False","False","TRUE_ZERO_BALANCING","True","MOIN_AUDITED_2024_CBS_2024_STAGE4B_VERIFIED"
"3797","3797","מודיעין עילית","מודיעין עילית","מודיעין עילית","2933","83797","אזור יהודה והשומרון","עירייה","עירייה","89627","89627","1","1","7","-2.23495841269336","6","6","195","0.87060101889778","180936","154486","26450","14.62","483991","484001","151780","31.36","1693.46","25298","282.26","10313","115.07","35611","397.32","57179","637.97","False","False","STANDARD","True","MOIN_AUDITED_2024_CBS_2024_STAGE4B_VERIFIED"
"3616","3616","מעלה אדומים","מעלה אדומים","מעלה אדומים","2926","83616","אזור יהודה והשומרון","עירייה","עירייה","35846","35846","6","6","156","0.241054455327592","5","5","162","0.291270191068065","133558","76407","57151","42.79","400912","393457","245892","62.5","6859.68","58498","1631.93","79939","2230.07","138437","3861.99","14600","407.3","False","False","STANDARD","True","MOIN_AUDITED_2024_CBS_2024_STAGE4B_VERIFIED"
"1063","1063","מעלות-תרשיחא","מעלות-תרשיחא","מעלות-תרשיחא","2839","51063","הצפון","עירייה","עירייה","23042","23042","5","5","121","-0.0573799263534073","3","3","46","-0.617962187359689","51985","36266","15719","30.24","192559","199167","88681","44.53","3848.67","31496","1366.9","29286","1270.98","60782","2637.88","32643","1416.67","False","True","WAR_EVACUATION_CONTEXT","True","MOIN_AUDITED_2024_CBS_2024_STAGE4B_VERIFIED"
"9100","9100","נהרייה","נהרייה","נהריה","2779","29100","הצפון","עירייה","עירייה","67877","67877","6","6","143","0.142933750605715","4","4","86","-0.299140837750482","164409","117814","46595","28.34","645420","646222","384530","59.5","5665.1","135685","1998.98","80530","1186.41","216215","3185.39","42341","623.79","False","False","STANDARD","True","MOIN_AUDITED_2024_CBS_2024_STAGE4B_VERIFIED"
"1061","1061","נוף הגליל","נוף הגליל","נוף הגליל","2782","31061","הצפון","עירייה","עירייה","45805","45805","5","5","102","-0.298270772497077","5","5","137","0.139460226742925","89705","51635","38070","42.44","409489","406008","263790","64.97","5758.98","54274","1184.89","99302","2167.93","153576","3352.82","23063","503.5","False","False","STANDARD","True","MOIN_AUDITED_2024_CBS_2024_STAGE4B_VERIFIED"
"7200","7200","נס ציונה","נס ציונה","נס ציונה","2823","47200","המרכז","עירייה","עירייה","47267","47267","8","8","229","1.30361324482957","8","8","237","2.22908494813894","247473","188525","58948","23.82","527596","528426","313772","59.38","6638.29","106962","2262.93","101425","2145.79","208387","4408.72","0","0","False","False","TRUE_ZERO_BALANCING","True","MOIN_AUDITED_2024_CBS_2024_STAGE4B_VERIFIED"
"7300","7300","נצרת","נצרת","נצרת","2795","37300","הצפון","עירייה","עירייה","75704","75704","3","3","68","-0.704061597540428","5","5","161","0.289088216027455","222160","178936","43224","19.46","615815","459676","171745","37.36","2268.64","55956","739.14","54266","716.82","110222","1455.96","44232","584.28","False","False","STANDARD","True","MOIN_AUDITED_2024_CBS_2024_STAGE4B_VERIFIED"
"2500","2500","נשר","נשר","נשר","2813","42500","חיפה","עירייה","עירייה","22896","22896","7","7","177","0.56436274202287","5","5","156","0.25233409068926","83588","47366","36222","43.33","255149","256290","180310","70.35","7875.17","34698","1515.46","69357","3029.22","104055","4544.68","0","0","False","False","TRUE_ZERO_BALANCING","True","MOIN_AUDITED_2024_CBS_2024_STAGE4B_VERIFIED"
"246","246","נתיבות","נתיבות","נתיבות","2828","50246","הדרום","עירייה","עירייה","56019","56019","3","3","58","-0.762074374473254","4","4","90","-0.277032335875226","162686","128991","33695","20.71","412007","411603","175950","42.75","3140.9","61551","1098.75","42745","763.04","104296","1861.8","50727","905.53","False","False","STANDARD","True","MOIN_AUDITED_2024_CBS_2024_STAGE4B_VERIFIED"
"7400","7400","נתניה","נתניה","נתניה","2775","27400","המרכז","עירייה","עירייה","234813","234813","6","6","140","0.0844459044490599","7","7","223","1.50535863683445","851038","555842","295196","34.69","2161500","2161687","1393205","64.45","5933.25","507550","2161.51","396950","1690.49","904500","3852","0","0","False","False","TRUE_ZERO_BALANCING","True","MOIN_AUDITED_2024_CBS_2024_STAGE4B_VERIFIED"
"7500","7500","סח'נין","סח'נין","סח'נין","3017","97500","הצפון","עירייה","עירייה","33728","33728","4","4","86","-0.511337300748412","4","4","91","-0.267655157398332","128893","121107","7786","6.04","267447","267477","78244","29.25","2319.85","26280","779.17","13455","398.93","39735","1178.1","24920","738.85","False","False","STANDARD","True","MOIN_AUDITED_2024_CBS_2024_STAGE4B_VERIFIED"
"7600","7600","עכו","עכו","עכו","2796","37600","הצפון","עירייה","עירייה","52885","52885","4","4","88","-0.466643684386373","4","4","115","-0.0777552596151755","146115","101150","44965","30.77","538916","538960","289372","53.69","5471.72","77108","1458.03","86433","1634.36","163541","3092.39","47119","890.97","False","False","STANDARD","True","MOIN_AUDITED_2024_CBS_2024_STAGE4B_VERIFIED"
"7700","7700","עפולה","עפולה","עפולה","2797","37700","הצפון","עירייה","עירייה","66362","66362","5","5","101","-0.327192606081898","5","5","129","0.0554344986727905","219433","160782","58651","26.73","583410","584818","347616","59.44","5238.18","87619","1320.32","130442","1965.61","218061","3285.93","5886","88.7","False","False","STANDARD","True","MOIN_AUDITED_2024_CBS_2024_STAGE4B_VERIFIED"
"531","531","עראבה","עראבה","עראבה","2972","90531","הצפון","עירייה","עירייה","27175","27175","3","3","64","-0.728035616370649","3","3","83","-0.325854843100195","137252","121861","15391","11.21","238955","230100","56506","24.56","2079.34","23571","867.38","9990","367.62","33561","1235","28844","1061.42","False","False","STANDARD","True","MOIN_AUDITED_2024_CBS_2024_STAGE4B_VERIFIED"
"2560","2560","ערד","ערד","ערד","2845","52560","הדרום","עירייה","עירייה","29504","29504","3","3","47","-0.875686453986326","2","2","26","-0.932314617399036","80829","57769","23060","28.53","277889","277889","132392","47.64","4487.26","37178","1260.1","27328","926.25","64506","2186.35","50668","1717.33","False","False","STANDARD","True","MOIN_AUDITED_2024_CBS_2024_STAGE4B_VERIFIED"
"7900","7900","פתח תקווה","פתח תקווה","פתח תקווה","2776","27900","המרכז","עירייה","עירייה","270403","270403","7","7","175","0.550041056798598","9","9","248","3.08751922539663","1022115","609800","412315","40.34","2549339","2550872","1741184","68.26","6439.22","519708","1921.98","750728","2776.33","1270436","4698.31","0","0","False","False","TRUE_ZERO_BALANCING","True","MOIN_AUDITED_2024_CBS_2024_STAGE4B_VERIFIED"
"8000","8000","צפת","צפת","צפת","2798","38000","הצפון","עירייה","עירייה","38687","38687","2","2","20","-1.35090011679565","2","2","25","-0.949215742847391","125183","101768","23415","18.7","362264","354917","116841","32.92","3020.16","33117","856.02","33257","859.64","66374","1715.67","65733","1699.1","False","False","STANDARD","True","MOIN_AUDITED_2024_CBS_2024_STAGE4B_VERIFIED"
"638","638","קלנסווה","קלנסווה","קלנסווה","2987","90638","המרכז","עירייה","עירייה","25167","25167","3","3","62","-0.731520056698698","6","6","191","0.794021769371174","103235","95006","8229","7.97","201144","176551","42946","24.32","1706.44","15119","600.75","4419","175.59","19538","776.33","20631","819.76","False","False","STANDARD","True","MOIN_AUDITED_2024_CBS_2024_STAGE4B_VERIFIED"
"2620","2620","קריית אונו","קריית אונו","קרית אונו","2814","42620","תל אביב","עירייה","עירייה","45049","45049","9","9","245","1.59412003890112","9","9","249","3.21011096252371","176568","140204","36364","20.59","467147","467175","306433","65.59","6802.22","122189","2712.36","49727","1103.84","171916","3816.2","609","13.52","False","False","STANDARD","True","MOIN_AUDITED_2024_CBS_2024_STAGE4B_VERIFIED"
"6800","6800","קריית אתא","קריית אתא","קרית אתא","2792","36800","חיפה","עירייה","עירייה","62585","62585","6","6","141","0.0896052990032351","5","5","163","0.294802700385652","237612","162338","75274","31.68","616249","616330","359014","58.25","5736.42","113484","1813.28","115120","1839.42","228604","3652.7","8604","137.48","False","False","STANDARD","True","MOIN_AUDITED_2024_CBS_2024_STAGE4B_VERIFIED"
"9500","9500","קריית ביאליק","קריית ביאליק","קרית ביאליק","2803","39500","חיפה","עירייה","עירייה","47073","47073","6","6","161","0.328159698878485","6","6","179","0.655567669799153","176945","142164","34781","19.66","457864","457922","318777","69.61","6771.97","90467","1921.84","75863","1611.6","166330","3533.45","2512","53.36","False","False","STANDARD","True","MOIN_AUDITED_2024_CBS_2024_STAGE4B_VERIFIED"
"2630","2630","קריית גת","קריית גת","קרית גת","2789","32630","הדרום","עירייה","עירייה","72140","72140","4","4","82","-0.551985098455114","5","5","148","0.196138474880697","346487","263793","82694","23.87","816019","816091","539163","66.07","7473.84","91337","1266.11","254278","3524.79","345615","4790.89","13071","181.19","False","False","STANDARD","True","MOIN_AUDITED_2024_CBS_2024_STAGE4B_VERIFIED"
"9600","9600","קריית ים","קריית ים","קרית ים","2804","39600","חיפה","עירייה","עירייה","41957","41957","5","5","106","-0.246879037009905","6","6","169","0.453110773402441","130487","108421","22066","16.91","449145","449151","207075","46.1","4935.41","68193","1625.31","44812","1068.05","113005","2693.35","46446","1106.99","False","False","STANDARD","True","MOIN_AUDITED_2024_CBS_2024_STAGE4B_VERIFIED"
"8200","8200","קריית מוצקין","קריית מוצקין","קרית מוצקין","2799","38200","חיפה","עירייה","עירייה","51488","51488","7","7","166","0.40195960098803","6","6","175","0.56139431136771","110386","72417","37969","34.4","340582","340712","208286","61.13","4045.33","101195","1965.41","22295","433.01","123490","2398.42","15556","302.13","False","False","STANDARD","True","MOIN_AUDITED_2024_CBS_2024_STAGE4B_VERIFIED"
"1034","1034","קריית מלאכי","קריית מלאכי","קרית מלאכי","2838","51034","הדרום","עירייה","עירייה","27959","27959","3","3","72","-0.67101641898988","6","6","173","0.500798567660934","96098","74822","21276","22.14","287218","287277","131719","45.85","4711.15","26593","951.14","46414","1660.07","73007","2611.22","32074","1147.18","False","False","STANDARD","True","MOIN_AUDITED_2024_CBS_2024_STAGE4B_VERIFIED"
"2800","2800","קריית שמונה","קריית שמונה","קרית שמונה","2790","32800","הצפון","עירייה","עירייה","24437","24437","5","5","112","-0.162916525132887","1","1","11","-1.261995226096","51035","41660","9375","18.37","277291","185995","36341","19.54","1487.13","-48","-1.96","22260","910.91","22212","908.95","28792","1178.21","False","True","WAR_EVACUATION_ANOMALY","True","MOIN_AUDITED_2024_CBS_2024_STAGE4B_VERIFIED"
"2640","2640","ראש העין","ראש העין","ראש העין","2847","52640","המרכז","עירייה","עירייה","79023","79023","7","7","195","0.78106085755783","8","8","227","1.7403076644374","336582","257358","79224","23.54","678693","691938","405352","58.58","5129.54","158637","2007.48","121977","1543.56","280614","3551.04","0","0","False","False","TRUE_ZERO_BALANCING","True","MOIN_AUDITED_2024_CBS_2024_STAGE4B_VERIFIED"
"8300","8300","ראשון לציון","ראשון לציון","ראשון לציון","2777","28300","המרכז","עירייה","עירייה","259275","259275","7","7","189","0.726795782232633","9","9","245","2.78990022823224","1018954","684288","334666","32.84","2800342","2804999","1939380","69.14","7480.01","526902","2032.21","803850","3100.38","1330752","5132.59","0","0","False","False","TRUE_ZERO_BALANCING","True","MOIN_AUDITED_2024_CBS_2024_STAGE4B_VERIFIED"
"1161","1161","רהט","רהט","רהט","2998","91161","הדרום","עירייה","עירייה","77997","77997","2","2","11","-1.84544793082865","4","4","104","-0.139155398357807","358729","354982","3747","1.04","596668","593999","99106","16.68","1270.64","16912","216.83","20631","264.51","37543","481.34","49702","637.23","False","False","STANDARD","True","MOIN_AUDITED_2024_CBS_2024_STAGE4B_VERIFIED"
"8400","8400","רחובות","רחובות","רחובות","2778","28400","המרכז","עירייה","עירייה","155049","155049","7","7","182","0.601450671177857","8","8","229","1.89278654723629","607348","403921","203427","33.49","1466116","1382337","858856","62.13","5539.26","305051","1967.45","309443","1995.78","614494","3963.22","0","0","False","False","TRUE_ZERO_BALANCING","True","MOIN_AUDITED_2024_CBS_2024_STAGE4B_VERIFIED"
"8500","8500","רמלה","רמלה","רמלה","2800","38500","המרכז","עירייה","עירייה","86052","86052","4","4","95","-0.39921379772397","8","8","231","1.95080661292946","295712","199504","96208","32.53","782395","761103","438060","57.56","5090.64","105186","1222.35","171656","1994.79","276842","3217.15","33735","392.03","False","False","STANDARD","True","MOIN_AUDITED_2024_CBS_2024_STAGE4B_VERIFIED"
"8600","8600","רמת גן","רמת גן","רמת גן","2755","18600","תל אביב","עירייה","עירייה","172242","172242","8","8","211","1.09933742073598","10","10","253","4.13653246884259","689029","396996","292033","42.38","1867218","1869684","1353605","72.4","7858.74","409910","2379.85","440035","2554.75","849945","4934.6","0","0","False","False","TRUE_ZERO_BALANCING","True","MOIN_AUDITED_2024_CBS_2024_STAGE4B_VERIFIED"
"2650","2650","רמת השרון","רמת השרון","רמת השרון","2815","42650","תל אביב","עירייה","עירייה","48860","48860","9","9","248","1.6988326212998","8","8","239","2.3516098562103","220825","124895","95930","43.44","565511","565961","410854","72.59","8408.8","163966","3355.83","115510","2364.1","279476","5719.93","0","0","False","False","TRUE_ZERO_BALANCING","True","MOIN_AUDITED_2024_CBS_2024_STAGE4B_VERIFIED"
"8700","8700","רעננה","רעננה","רעננה","2824","48700","המרכז","עירייה","עירייה","82964","82964","8","8","226","1.27987115513508","8","8","234","2.00563506424914","470752","304788","165964","35.26","1077523","1077615","783746","72.73","9446.82","219538","2646.18","196761","2371.64","416299","5017.83","0","0","False","False","TRUE_ZERO_BALANCING","True","MOIN_AUDITED_2024_CBS_2024_STAGE4B_VERIFIED"
"1031","1031","שדרות","שדרות","שדרות","2837","51031","הדרום","עירייה","עירייה","37239","37239","5","5","115","-0.132346081241021","4","4","105","-0.136474582519656","191019","155989","35030","18.34","564967","462541","111429","24.09","2992.27","10827","290.74","33049","887.48","43876","1178.23","29634","795.78","False","True","WAR_EVACUATION_CONTEXT","True","MOIN_AUDITED_2024_CBS_2024_STAGE4B_VERIFIED"
"8800","8800","שפרעם","שפרעם","שפרעם","2801","38800","הצפון","עירייה","עירייה","43858","43858","3","3","66","-0.712105818570077","5","5","140","0.151599746521379","122813","110821","11992","9.76","293342","287944","105780","36.74","2411.87","39019","889.67","20997","478.75","60016","1368.42","30035","684.82","False","False","STANDARD","True","MOIN_AUDITED_2024_CBS_2024_STAGE4B_VERIFIED"
"5000","5000","תל אביב -יפו","תל אביב -יפו","תל אביב-יפו","2754","15000","תל אביב","עירייה","עירייה","494900","494900","8","8","227","1.29252391191505","10","10","254","4.19009552976776","1693050","960043","733007","43.3","7524399","7527983","6227749","82.73","12583.85","1162974","2349.92","2581232","5215.66","3744206","7565.58","0","0","False","False","TRUE_ZERO_BALANCING","True","MOIN_AUDITED_2024_CBS_2024_STAGE4B_VERIFIED"
"472","472","אבו גוש","אבו גוש","אבו גוש","2937","90472","ירושלים","מועצה מקומית","מועצה מקומית","8848","8848","3","3","67","-0.711088131152997","6","6","192","0.810287012427046","33317","26126","7191","21.58","77800","77719","23420","30.13","2646.93","7666","866.41","1826","206.37","9492","1072.78","15267","1725.47","False","False","STANDARD","True","MOIN_AUDITED_2024_CBS_2024_STAGE4B_VERIFIED"
"473","473","אבו סנאן","אבו סנאן","אבו סנאן","2938","90473","הצפון","מועצה מקומית","מועצה מקומית","14542","14542","3","3","75","-0.654802355530496","4","4","97","-0.211694906241405","56979","49302","7677","13.47","127862","122187","26783","21.92","1841.77","8231","566.02","2244","154.31","10475","720.33","16613","1142.42","False","False","STANDARD","True","MOIN_AUDITED_2024_CBS_2024_STAGE4B_VERIFIED"
"182","182","אבן יהודה","אבן יהודה","אבן יהודה","2858","60182","המרכז","מועצה מקומית","מועצה מקומית","15370","15370","9","9","246","1.62998117714398","7","7","212","1.21561610520485","39824","22081","17743","44.55","111093","111193","79272","71.29","5157.58","40799","2654.46","18725","1218.28","59524","3872.74","0","0","False","False","TRUE_ZERO_BALANCING","True","MOIN_AUDITED_2024_CBS_2024_STAGE4B_VERIFIED"
"3760","3760","אורנית","אורנית","אורנית","2931","83760","אזור יהודה והשומרון","מועצה מקומית","מועצה מקומית","10089","10089","8","8","231","1.34192275451799","6","6","203","0.967728867181688","29255","18620","10635","36.35","77894","69993","40880","58.41","4051.94","23305","2309.94","1255","124.39","24560","2434.33","3196","316.78","False","False","STANDARD","True","MOIN_AUDITED_2024_CBS_2024_STAGE4B_VERIFIED"
"565","565","אזור","אזור","אזור","2805","40565","תל אביב","מועצה מקומית","מועצה מקומית","13067","13067","7","7","170","0.495604131540961","9","9","244","2.72708576367072","44577","25162","19415","43.55","120834","120582","80376","66.66","6151.07","27572","2110.05","29558","2262.03","57130","4372.08","0","0","False","False","TRUE_ZERO_BALANCING","True","MOIN_AUDITED_2024_CBS_2024_STAGE4B_VERIFIED"
"478","478","אכסאל","אכסאל","אכסאל","2939","90478","הצפון","מועצה מקומית","מועצה מקומית","15134","15134","3","3","57","-0.764449065158087","4","4","106","-0.136367535082392","57789","52442","5347","9.25","113842","108235","22624","20.9","1494.91","8233","544.01","3450","227.96","11683","771.97","17501","1156.4","False","False","STANDARD","True","MOIN_AUDITED_2024_CBS_2024_STAGE4B_VERIFIED"
"41","41","אליכין","אליכין","אליכין","2853","60041","המרכז","מועצה מקומית","מועצה מקומית","3855","3855","7","7","165","0.400345878525891","6","6","180","0.659259076535137","11052","5973","5079","45.96","38042","34394","18504","53.8","4800","7733","2005.97","260","67.44","7993","2073.41","7270","1885.86","False","False","STANDARD","True","MOIN_AUDITED_2024_CBS_2024_STAGE4B_VERIFIED"
"3750","3750","אלפי מנשה","אלפי מנשה","אלפי מנשה","2895","73750","אזור יהודה והשומרון","מועצה מקומית","מועצה מקומית","8038","8038","8","8","216","1.14168078798777","6","6","186","0.72038323033137","25628","19447","6181","24.12","74655","74657","42681","57.17","5309.9","20563","2558.22","3938","489.92","24501","3048.15","4076","507.09","False","False","STANDARD","True","MOIN_AUDITED_2024_CBS_2024_STAGE4B_VERIFIED"
"3560","3560","אלקנה","אלקנה","אלקנה","2921","83560","אזור יהודה והשומרון","מועצה מקומית","מועצה מקומית","4493","4493","8","8","209","1.07334368834655","6","6","188","0.772650324879684","17307","15854","1453","8.4","51057","50517","26422","52.3","5880.7","8473","1885.82","2596","577.79","11069","2463.61","4608","1025.6","False","False","STANDARD","True","MOIN_AUDITED_2024_CBS_2024_STAGE4B_VERIFIED"
"529","529","אעבלין","אעבלין","אעבלין","2970","90529","הצפון","מועצה מקומית","מועצה מקומית","13634","13634","3","3","74","-0.666232625884589","5","5","131","0.0660868077028719","40147","32134","8013","19.96","103379","101564","37171","36.6","2726.35","9632","706.47","9392","688.87","19024","1395.34","17326","1270.79","False","True","WAR_EVACUATION_CONTEXT","True","MOIN_AUDITED_2024_CBS_2024_STAGE4B_VERIFIED"
"3650","3650","אפרת","אפרת","אפרתה","2928","83650","אזור יהודה והשומרון","מועצה מקומית","מועצה מקומית","12114","12114","7","7","172","0.514601509868647","5","5","132","0.0691720612175772","50985","42111","8874","17.41","146759","146430","60197","41.11","4969.21","25402","2096.91","3831","316.25","29233","2413.16","15721","1297.75","False","False","STANDARD","True","MOIN_AUDITED_2024_CBS_2024_STAGE4B_VERIFIED"
"482","482","בועיינה-נוג'ידאת","בועיינה-נוג'ידאת","בועיינה-נוג'ידאת","2942","90482","הצפון","מועצה מקומית","מועצה מקומית","10630","10630","3","3","30","-1.0625732984864","3","3","52","-0.568745837539863","47592","42627","4965","10.43","97491","97107","19237","19.81","1809.69","8099","761.9","1500","141.11","9599","903.01","15518","1459.83","False","False","STANDARD","True","MOIN_AUDITED_2024_CBS_2024_STAGE4B_VERIFIED"
"4001","4001","בוקעאתא","בוקעאתא","בוקעאתא","3011","94001","הצפון","מועצה מקומית","מועצה מקומית","6982","6982","3","3","46","-0.884238230521226","1","1","8","-1.48442107560375","15357","11278","4079","26.56","64102","62621","26485","42.29","3793.33","4892","700.66","616","88.23","5508","788.89","10902","1561.44","False","False","STANDARD","True","MOIN_AUDITED_2024_CBS_2024_STAGE4B_VERIFIED"
"998","998","ביר אל-מכסור","ביר אל-מכסור","ביר אל-מכסור","2994","90998","הצפון","מועצה מקומית","מועצה מקומית","11068","11068","2","2","24","-1.20316526458395","4","4","109","-0.130610589469958","21149","14998","6151","29.08","61643","53283","13200","24.77","1192.63","4726","427","651","58.82","5377","485.81","14008","1265.63","False","False","STANDARD","True","MOIN_AUDITED_2024_CBS_2024_STAGE4B_VERIFIED"
"3574","3574","בית אל","בית אל","בית אל","2923","83574","אזור יהודה והשומרון","מועצה מקומית","מועצה מקומית","6359","6359","4","4","80","-0.563516491647934","4","4","99","-0.193164326501652","32042","26026","6016","18.78","85286","85313","26818","31.43","4217.33","9745","1532.47","625","98.29","10370","1630.76","15157","2383.55","False","False","STANDARD","True","MOIN_AUDITED_2024_CBS_2024_STAGE4B_VERIFIED"
"3652","3652","בית אריה-עופרים","בית אריה-עופרים","בית אריה","2929","83652","אזור יהודה והשומרון","מועצה מקומית","מועצה מקומית","5627","5627","7","7","192","0.762896397086821","6","6","185","0.696128456525934","27316","15293","12023","44.01","76196","63977","35107","54.87","6239.03","12277","2181.8","1089","193.53","13366","2375.33","9645","1714.06","False","False","STANDARD","True","MOIN_AUDITED_2024_CBS_2024_STAGE4B_VERIFIED"
"480","480","בית ג'ן","בית ג'ן","בית ג'ן","2940","90480","הצפון","מועצה מקומית","מועצה מקומית","12446","12446","4","4","87","-0.486945902621896","2","2","37","-0.735231439247749","56903","50430","6473","11.38","114718","114819","25161","21.91","2021.61","11242","903.26","2686","215.81","13928","1119.07","16053","1289.81","False","False","STANDARD","True","MOIN_AUDITED_2024_CBS_2024_STAGE4B_VERIFIED"
"466","466","בית דגן","בית דגן","בית דגן","2829","50466","המרכז","מועצה מקומית","מועצה מקומית","7728","7728","7","7","178","0.571320041713935","8","8","240","2.47952463066132","21540","13245","8295","38.51","58209","57664","39933","69.25","5167.31","14391","1862.19","12980","1679.61","27371","3541.8","0","0","False","False","TRUE_ZERO_BALANCING","True","MOIN_AUDITED_2024_CBS_2024_STAGE4B_VERIFIED"
"1066","1066","בני עי""ש","בני עי""ש","בני עי""ש","2890","71066","המרכז","מועצה מקומית","מועצה מקומית","6579","6579","5","5","128","-0.0200238440314052","6","6","187","0.760885837886022","14405","8888","5517","38.3","48167","48208","21264","44.11","3232.1","9552","1451.89","875","133","10427","1584.89","8863","1347.17","False","False","STANDARD","True","MOIN_AUDITED_2024_CBS_2024_STAGE4B_VERIFIED"
"9800","9800","בנימינה-גבעת עדה","בנימינה-גבעת עדה","בנימינה-גבעת עדה","2882","1352","חיפה","מועצה מקומית","מועצה מקומית","15566","15566","8","8","233","1.36519294500976","5","5","159","0.275923374480909","37269","28993","8276","22.21","134965","134977","96651","71.61","6209.11","33579","2157.2","16253","1044.13","49832","3201.34","2745","176.35","False","False","STANDARD","True","MOIN_AUDITED_2024_CBS_2024_STAGE4B_VERIFIED"
"1326","1326","בסמ""ה","בסמ""ה","בסמ""ה","3004","91326","חיפה","מועצה מקומית","מועצה מקומית","12002","12002","3","3","38","-0.959354343601139","5","5","143","0.158500525443118","33108","24060","9048","27.33","72501","72462","20665","28.52","1721.8","9497","791.28","1246","103.82","10743","895.1","15988","1332.11","False","False","STANDARD","True","MOIN_AUDITED_2024_CBS_2024_STAGE4B_VERIFIED"
"944","944","בסמת טבעון","בסמת טבעון","בסמת טבעון","2990","90944","הצפון","מועצה מקומית","מועצה מקומית","8268","8268","3","3","45","-0.88466172758432","4","4","116","-0.0768534818780771","17446","11790","5656","32.42","50556","46479","11691","25.15","1414.01","5335","645.26","1298","156.99","6633","802.25","13313","1610.18","False","False","STANDARD","True","MOIN_AUDITED_2024_CBS_2024_STAGE4B_VERIFIED"
"483","483","בענה","בענה","בענה","2943","90483","הצפון","מועצה מקומית","מועצה מקומית","8714","8714","3","3","36","-0.986553209879586","4","4","107","-0.134095549103232","15753","11427","4326","27.46","60082","60116","19764","32.88","2268.07","6965","799.31","5208","597.7","12173","1397","13643","1565.64","False","False","STANDARD","True","MOIN_AUDITED_2024_CBS_2024_STAGE4B_VERIFIED"
"3730","3730","גבעת זאב","גבעת זאב","גבעת זאב","2930","83730","אזור יהודה והשומרון","מועצה מקומית","מועצה מקומית","25104","25104","4","4","99","-0.378307391283917","6","6","184","0.676136158169937","66522","49683","16839","25.31","189568","189730","80198","42.27","3194.63","35157","1400.45","9624","383.37","44781","1783.82","25893","1031.43","False","False","STANDARD","True","MOIN_AUDITED_2024_CBS_2024_STAGE4B_VERIFIED"
"1292","1292","ג'דיידה-מכר","ג'דיידה-מכר","ג'דיידה-מכר","2945","90486","הצפון","מועצה מקומית","מועצה מקומית","20231","20231","3","3","50","-0.809201210611647","4","4","100","-0.164893632131944","54450","47530","6920","12.71","144946","144006","37894","26.31","1873.05","18496","914.25","4064","200.9","22561","1115.15","19615","969.57","False","False","STANDARD","True","MOIN_AUDITED_2024_CBS_2024_STAGE4B_VERIFIED"
"2550","2550","גדרה","גדרה","גדרה","2877","62550","המרכז","מועצה מקומית","מועצה מקומית","31389","31389","7","7","190","0.746739068374713","6","6","200","0.932206673792928","82198","58332","23866","29.03","226211","218212","127829","58.58","4072.41","58833","1874.32","16524","526.43","75357","2400.75","7038","224.22","False","False","STANDARD","True","MOIN_AUDITED_2024_CBS_2024_STAGE4B_VERIFIED"
"485","485","ג'ולס","ג'ולס","ג'וליס","2944","90485","הצפון","מועצה מקומית","מועצה מקומית","6821","6821","5","5","113","-0.162784599032135","4","4","89","-0.279740827200189","14473","10698","3775","26.08","52287","52275","16463","31.49","2413.55","6839","1002.61","3728","546.55","10567","1549.16","10833","1588.18","False","False","STANDARD","True","MOIN_AUDITED_2024_CBS_2024_STAGE4B_VERIFIED"
"627","627","ג'לג'וליה","ג'לג'וליה","ג'לג'וליה","2982","90627","המרכז","מועצה מקומית","מועצה מקומית","10992","10992","3","3","39","-0.946825029905484","7","7","221","1.46261356027415","29242","23677","5565","19.03","76979","70019","16921","24.17","1539.39","6105","555.4","2586","235.26","8691","790.67","16724","1521.47","False","False","STANDARD","True","MOIN_AUDITED_2024_CBS_2024_STAGE4B_VERIFIED"
"166","166","גן יבנה","גן יבנה","גן יבנה","2856","60166","המרכז","מועצה מקומית","מועצה מקומית","25144","25144","7","7","194","0.773669276847494","6","6","182","0.669869484762527","57989","39185","18804","32.43","161776","158821","102781","64.71","4087.69","43186","1717.55","18081","719.1","61267","2436.64","5974","237.59","False","False","STANDARD","True","MOIN_AUDITED_2024_CBS_2024_STAGE4B_VERIFIED"
"541","541","ג'סר א-זרקא","ג'סר א-זרקא","ג'סר א-זרקא","2979","90541","חיפה","מועצה מקומית","מועצה מקומית","15824","15824","2","2","18","-1.44755159362247","5","5","157","0.256791895556945","69395","62277","7118","10.26","151841","147037","26931","18.32","1701.91","11702","739.51","884","55.86","12586","795.37","18381","1161.59","False","False","STANDARD","True","MOIN_AUDITED_2024_CBS_2024_STAGE4B_VERIFIED"
"487","487","ג'ש (גוש חלב)","ג'ש (גוש חלב)","ג'ש (גוש חלב)","2946","90487","הצפון","מועצה מקומית","מועצה מקומית","3243","3243","7","7","176","0.551588852836347","2","2","24","-0.950076034187209","6472","4554","1918","29.64","29122","26629","8295","31.15","2557.82","3878","1195.81","1448","446.5","5326","1642.31","5041","1554.42","False","False","STANDARD","True","MOIN_AUDITED_2024_CBS_2024_STAGE4B_VERIFIED"
"628","628","ג'ת","ג'ת","ג'ת","2983","90628","חיפה","מועצה מקומית","מועצה מקומית","12834","12834","5","5","138","0.0370622126686846","6","6","171","0.466600959631434","49852","43778","6074","12.18","105448","104459","34480","33.01","2686.65","15462","1204.77","6129","477.56","21591","1682.33","12016","936.26","False","False","STANDARD","True","MOIN_AUDITED_2024_CBS_2024_STAGE4B_VERIFIED"
"494","494","דאלית אל-כרמל","דאלית אל-כרמל","דאלית אל-כרמל","2950","90494","חיפה","מועצה מקומית","מועצה מקומית","18364","18364","5","5","110","-0.202919743855874","4","4","112","-0.0966147595416795","46154","31893","14261","30.9","139433","139433","50985","36.57","2776.36","22333","1216.13","6439","350.63","28772","1566.76","23368","1272.49","False","False","STANDARD","True","MOIN_AUDITED_2024_CBS_2024_STAGE4B_VERIFIED"
"489","489","דבורייה","דבורייה","דבוריה","2947","90489","הצפון","מועצה מקומית","מועצה מקומית","10830","10830","4","4","91","-0.409279200501615","4","4","87","-0.293831985159086","45701","41816","3885","8.5","85533","84413","18847","22.33","1740.26","8689","802.31","1890","174.52","10579","976.82","13919","1285.23","False","False","STANDARD","True","MOIN_AUDITED_2024_CBS_2024_STAGE4B_VERIFIED"
"490","490","דייר אל-אסד","דייר אל-אסד","דיר אל-אסד","2948","90490","הצפון","מועצה מקומית","מועצה מקומית","12619","12619","4","4","85","-0.5172186264917","4","4","95","-0.222759117583353","51389","44778","6611","12.86","104683","104774","21857","20.86","1732.07","9208","729.69","1803","142.88","11011","872.57","14269","1130.76","False","False","STANDARD","True","MOIN_AUDITED_2024_CBS_2024_STAGE4B_VERIFIED"
"492","492","דייר חנא","דייר חנא","דיר חנא","2949","90492","הצפון","מועצה מקומית","מועצה מקומית","10762","10762","4","4","83","-0.533567695535289","3","3","71","-0.437317320158929","46117","38895","7222","15.66","88140","88038","21878","24.85","2032.89","9855","915.72","2470","229.51","12325","1145.23","12184","1132.13","False","False","STANDARD","True","MOIN_AUDITED_2024_CBS_2024_STAGE4B_VERIFIED"
"3769","3769","הר אדר","הר אדר","הר אדר","2932","83769","אזור יהודה והשומרון","מועצה מקומית","מועצה מקומית","4339","4339","9","9","249","1.74818391559113","6","6","172","0.480186776874635","10376","6356","4020","38.74","35351","35072","25937","73.95","5977.64","15800","3641.39","295","67.99","16095","3709.38","223","51.39","False","False","STANDARD","True","MOIN_AUDITED_2024_CBS_2024_STAGE4B_VERIFIED"
"9300","9300","זכרון יעקב","זכרון יעקב","זכרון יעקב","2880","69300","חיפה","מועצה מקומית","מועצה מקומית","24201","24201","8","8","214","1.11717929536182","5","5","153","0.222855668186709","100029","86325","13704","13.7","242033","242050","138074","57.04","5705.3","66870","2763.11","27620","1141.28","94490","3904.38","0","0","False","False","TRUE_ZERO_BALANCING","True","MOIN_AUDITED_2024_CBS_2024_STAGE4B_VERIFIED"
"1290","1290","זמר","זמר","זמר","3002","91290","המרכז","מועצה מקומית","מועצה מקומית","7953","7953","4","4","90","-0.444758642069458","6","6","168","0.452299877750729","19149","14390","4759","24.85","55364","52537","16283","30.99","2047.4","8405","1056.83","2803","352.45","11208","1409.28","9998","1257.14","False","False","STANDARD","True","MOIN_AUDITED_2024_CBS_2024_STAGE4B_VERIFIED"
"975","975","זרזיר","זרזיר","זרזיר","2992","90975","הצפון","מועצה מקומית","מועצה מקומית","9149","9149","3","3","32","-1.04320032660218","4","4","113","-0.0923396899460328","20392","14978","5414","26.55","58321","59587","18475","31.01","2019.35","7823","855.07","2181","238.39","10004","1093.45","12778","1396.66","False","False","STANDARD","True","MOIN_AUDITED_2024_CBS_2024_STAGE4B_VERIFIED"
"1303","1303","חורה","חורה","חורה","3003","91303","הדרום","מועצה מקומית","מועצה מקומית","23034","23034","1","1","8","-2.22020862332784","3","3","60","-0.510079774941582","131193","127406","3787","2.89","215390","215799","29881","13.85","1297.26","7743","336.16","1857","80.62","9600","416.78","28089","1219.46","False","False","STANDARD","True","MOIN_AUDITED_2024_CBS_2024_STAGE4B_VERIFIED"
"496","496","חורפיש","חורפיש","חורפיש","2951","90496","הצפון","מועצה מקומית","מועצה מקומית","6877","6877","5","5","103","-0.288219952132669","2","2","32","-0.827224252905083","33923","27501","6422","18.93","78889","78906","15121","19.16","2198.78","6436","935.87","1531","222.63","7967","1158.5","11534","1677.18","False","True","WAR_EVACUATION_CONTEXT","True","MOIN_AUDITED_2024_CBS_2024_STAGE4B_VERIFIED"
"2034","2034","חצור הגלילית","חצור הגלילית","חצור הגלילית","2842","52034","הצפון","מועצה מקומית","מועצה מקומית","11013","11013","4","4","84","-0.518133364955538","2","2","23","-0.964286546054192","38531","23795","14736","38.24","115455","106194","39846","37.52","3618.09","13614","1236.18","11391","1034.32","25005","2270.5","21109","1916.73","False","False","STANDARD","True","MOIN_AUDITED_2024_CBS_2024_STAGE4B_VERIFIED"
"962","962","טובא-זנגרייה","טובא-זנגרייה","טובא-זנגריה","2991","90962","הצפון","מועצה מקומית","מועצה מקומית","7173","7173","3","3","48","-0.866599121124261","2","2","19","-1.03000588472106","31198","26561","4637","14.86","72511","63602","12909","20.3","1799.67","5745","800.92","396","55.21","6141","856.13","11058","1541.61","False","False","STANDARD","True","MOIN_AUDITED_2024_CBS_2024_STAGE4B_VERIFIED"
"498","498","טורעאן","טורעאן","טורעאן","2952","90498","הצפון","מועצה מקומית","מועצה מקומית","14931","14931","3","3","51","-0.803302815468745","3","3","79","-0.365144357328359","36574","32134","4440","12.14","107377","107776","40451","37.53","2709.2","12331","825.87","10275","688.17","22606","1514.03","15934","1067.18","False","False","STANDARD","True","MOIN_AUDITED_2024_CBS_2024_STAGE4B_VERIFIED"
"1295","1295","יאנוח-ג'ת","יאנוח-ג'ת","יאנוח-ג'ת","2954","90500","הצפון","מועצה מקומית","מועצה מקומית","6890","6890","4","4","92","-0.405411590264815","3","3","53","-0.563852777458738","17343","12685","4658","26.86","53683","53676","15800","29.44","2293.18","7924","1150.07","1056","153.27","8980","1303.34","10012","1453.12","False","False","STANDARD","True","MOIN_AUDITED_2024_CBS_2024_STAGE4B_VERIFIED"
"46","46","יבנאל","יבנאל","יבנאל","2904","80046","הצפון","מועצה מקומית","מועצה מקומית","4801","4801","2","2","22","-1.23602910265812","3","3","44","-0.635851708117327","16085","9794","6291","39.11","45282","45316","13578","29.96","2828.16","7598","1582.59","1754","365.34","9352","1947.93","14247","2967.51","False","False","STANDARD","True","MOIN_AUDITED_2024_CBS_2024_STAGE4B_VERIFIED"
"29","29","יסוד המעלה","יסוד המעלה","יסוד המעלה","2903","80029","הצפון","מועצה מקומית","מועצה מקומית","1930","1930","7","7","204","0.938158905958467","1","1","18","-1.15533142076896","3356","2076","1280","38.14","18193","18163","10829","59.62","5610.88","4330","2243.52","3085","1598.45","7415","3841.97","1640","849.74","False","False","STANDARD","True","MOIN_AUDITED_2024_CBS_2024_STAGE4B_VERIFIED"
"499","499","יפיע","יפיע","יפיע","2953","90499","הצפון","מועצה מקומית","מועצה מקומית","18837","18837","3","3","44","-0.892689380207931","5","5","138","0.14531620428134","86472","70232","16240","18.78","165408","147516","42344","28.7","2247.92","14416","765.3","4394","233.26","18810","998.57","19236","1021.18","False","False","STANDARD","True","MOIN_AUDITED_2024_CBS_2024_STAGE4B_VERIFIED"
"831","831","ירוחם","ירוחם","ירוחם","2832","50831","הדרום","מועצה מקומית","מועצה מקומית","11989","11989","4","4","78","-0.581698511687117","2","2","20","-1.02456827428646","39888","28422","11466","28.75","121910","119023","53830","45.23","4489.95","11364","947.87","20236","1687.88","31600","2635.75","13199","1100.93","False","False","STANDARD","True","MOIN_AUDITED_2024_CBS_2024_STAGE4B_VERIFIED"
"502","502","ירכא","ירכא","ירכא","2955","90502","הצפון","מועצה מקומית","מועצה מקומית","16823","16823","3","3","69","-0.695433792837767","3","3","85","-0.316684037631297","48302","33432","14870","30.79","129373","128554","42989","33.44","2555.37","14705","874.1","14690","873.21","29395","1747.31","19870","1181.12","False","False","STANDARD","True","MOIN_AUDITED_2024_CBS_2024_STAGE4B_VERIFIED"
"504","504","כאבול","כאבול","כאבול","2956","90504","הצפון","מועצה מקומית","מועצה מקומית","12589","12589","3","3","60","-0.747251334643089","4","4","110","-0.122031945610467","51086","46591","4495","8.8","112607","110447","26556","24.04","2109.46","13109","1041.31","3721","295.58","16830","1336.88","16450","1306.7","False","False","STANDARD","True","MOIN_AUDITED_2024_CBS_2024_STAGE4B_VERIFIED"
"505","505","כאוכב אבו אל-היג'א","כאוכב אבו אל-היג'א","כאוכב אבו אל-היג'א","2957","90505","הצפון","מועצה מקומית","מועצה מקומית","4037","4037","5","5","100","-0.350898047994298","4","4","92","-0.246601578151951","23873","24015","-142","-0.59","47077","47181","8727","18.5","2161.75","3345","828.59","278","68.86","3623","897.45","7511","1860.54","False","False","SOURCE_VERIFIED_ANOMALY","True","MOIN_AUDITED_2024_CBS_2024_STAGE4B_VERIFIED"
"1224","1224","כוכב יאיר","כוכב יאיר","כוכב יאיר צור יגאל","2891","71224","המרכז","מועצה מקומית","מועצה מקומית","9008","9008","9","9","252","1.90646625286262","6","6","194","0.865979525424562","28036","17724","10312","36.78","81157","81178","56190","69.22","6237.79","30359","3370.23","14106","1565.94","44465","4936.17","0","0","False","False","TRUE_ZERO_BALANCING","True","MOIN_AUDITED_2024_CBS_2024_STAGE4B_VERIFIED"
"1059","1059","כסיפה","כסיפה","כסיפה","2996","91059","הדרום","מועצה מקומית","מועצה מקומית","21849","21849","1","1","5","-2.29965869963591","2","2","34","-0.793374844145404","77272","70986","6286","8.13","130271","130983","24437","18.66","1118.45","3296","150.85","770","35.24","4066","186.1","25348","1160.14","False","False","STANDARD","True","MOIN_AUDITED_2024_CBS_2024_STAGE4B_VERIFIED"
"1296","1296","כסרא-סמיע","כסרא-סמיע","כסרא-סמיע","2958","90506","הצפון","מועצה מקומית","מועצה מקומית","9549","9549","3","3","52","-0.802430851843577","3","3","42","-0.651467193784239","28215","26647","1568","5.56","78689","81823","21571","26.36","2258.98","9274","971.2","1574","164.83","10848","1136.04","15715","1645.72","False","False","STANDARD","True","MOIN_AUDITED_2024_CBS_2024_STAGE4B_VERIFIED"
"978","978","כעביה-טבאש-חג'אג'רה","כעביה-טבאש-חג'אג'רה","כעביה-טבאש-חג'אג'רה","2993","90978","הצפון","מועצה מקומית","מועצה מקומית","6545","6545","3","3","43","-0.900669066121066","4","4","111","-0.10480141625948","16617","11995","4622","27.81","43005","42536","11292","26.55","1725.29","4669","713.37","126","19.25","4795","732.62","9939","1518.56","False","False","STANDARD","True","MOIN_AUDITED_2024_CBS_2024_STAGE4B_VERIFIED"
"633","633","כפר ברא","כפר ברא","כפר ברא","2984","90633","המרכז","מועצה מקומית","מועצה מקומית","3962","3962","4","4","94","-0.403973966759521","7","7","217","1.33353211284331","19523","15999","3524","18.05","43349","44016","11567","26.28","2919.49","3524","889.45","526","132.76","4050","1022.21","9989","2521.2","False","False","STANDARD","True","MOIN_AUDITED_2024_CBS_2024_STAGE4B_VERIFIED"
"1263","1263","כפר ורדים","כפר ורדים","כפר ורדים","2915","81263","הצפון","מועצה מקומית","מועצה מקומית","5534","5534","9","9","242","1.5598030443827","3","3","48","-0.602607979956903","39872","36107","3765","9.44","74844","74577","33380","44.76","6031.8","21166","3824.72","1399","252.8","22565","4077.52","0","0","False","False","TRUE_ZERO_BALANCING","True","MOIN_AUDITED_2024_CBS_2024_STAGE4B_VERIFIED"
"507","507","כפר יאסיף","כפר יאסיף","כפר יאסיף","2959","90507","הצפון","מועצה מקומית","מועצה מקומית","10526","10526","5","5","126","-0.0358305872492414","4","4","108","-0.13173738289388","37730","34425","3305","8.76","93522","93656","30447","32.51","2892.55","12462","1183.93","6623","629.2","19085","1813.13","12488","1186.4","False","False","STANDARD","True","MOIN_AUDITED_2024_CBS_2024_STAGE4B_VERIFIED"
"508","508","כפר כמא","כפר כמא","כפר כמא","2960","90508","הצפון","מועצה מקומית","מועצה מקומית","3545","3545","6","6","159","0.306933832042368","3","3","61","-0.496522593923257","8921","6793","2128","23.85","30323","30310","7298","24.08","2058.67","3576","1008.74","618","174.33","4194","1183.07","8131","2293.65","False","False","STANDARD","True","MOIN_AUDITED_2024_CBS_2024_STAGE4B_VERIFIED"
"509","509","כפר כנא","כפר כנא","כפר כנא","2961","90509","הצפון","מועצה מקומית","מועצה מקומית","25374","25374","3","3","29","-1.06350606362126","4","4","117","-0.0760771759483865","74491","60067","14424","19.36","185346","183265","62988","34.37","2482.38","18555","731.26","9551","376.41","28106","1107.67","29634","1167.89","False","False","STANDARD","True","MOIN_AUDITED_2024_CBS_2024_STAGE4B_VERIFIED"
"510","510","כפר מנדא","כפר מנדא","כפר מנדא","2962","90510","הצפון","מועצה מקומית","מועצה מקומית","22268","22268","2","2","16","-1.45297251582064","4","4","98","-0.20118199670454","95621","82681","12940","13.53","194651","177675","32860","18.49","1475.66","10644","478","4683","210.3","15327","688.3","21556","968.03","False","False","STANDARD","True","MOIN_AUDITED_2024_CBS_2024_STAGE4B_VERIFIED"
"267","267","כפר שמריהו","כפר שמריהו","כפר שמריהו","2885","70267","תל אביב","מועצה מקומית","מועצה מקומית","1981","1981","10","10","254","2.46154589448067","8","8","226","1.68201243821279","9821","6581","3240","32.99","43167","43998","40167","91.29","20276.12","17602","8885.41","4709","2377.08","22311","11262.49","0","0","False","False","TRUE_ZERO_BALANCING","True","MOIN_AUDITED_2024_CBS_2024_STAGE4B_VERIFIED"
"47","47","כפר תבור","כפר תבור","כפר תבור","2905","80047","הצפון","מועצה מקומית","מועצה מקומית","4276","4276","8","8","225","1.26572255965062","3","3","76","-0.374606541459784","14438","10291","4147","28.72","46810","46816","32534","69.49","7608.51","11769","2752.34","6585","1539.99","18354","4292.33","1694","396.16","False","False","STANDARD","True","MOIN_AUDITED_2024_CBS_2024_STAGE4B_VERIFIED"
"1271","1271","להבים","להבים","להבים","2893","71271","הדרום","מועצה מקומית","מועצה מקומית","8027","8027","9","9","253","1.97203604550363","3","3","81","-0.344938869076389","17915","12712","5203","29.04","69100","69101","52459","75.92","6535.32","26340","3281.43","2852","355.3","29192","3636.73","0","0","False","False","TRUE_ZERO_BALANCING","True","MOIN_AUDITED_2024_CBS_2024_STAGE4B_VERIFIED"
"1060","1060","לקיה","לקיה","לקיה","2997","91060","הדרום","מועצה מקומית","מועצה מקומית","19362","19362","2","2","9","-1.99574811784224","3","3","67","-0.455025519363419","80966","85042","-4076","-5.03","143884","144448","16475","11.41","850.89","2349","121.32","456","23.55","2805","144.87","22666","1170.64","False","False","SOURCE_VERIFIED_ANOMALY","True","MOIN_AUDITED_2024_CBS_2024_STAGE4B_VERIFIED"
"1015","1015","מבשרת ציון","מבשרת ציון","מבשרת ציון","2835","51015","ירושלים","מועצה מקומית","מועצה מקומית","26534","26534","8","8","210","1.0922078784358","6","6","202","0.943077968679338","67844","40070","27774","40.94","200767","200842","138462","68.94","5218.29","68505","2581.78","34762","1310.09","103267","3891.87","5994","225.9","False","False","STANDARD","True","MOIN_AUDITED_2024_CBS_2024_STAGE4B_VERIFIED"
"516","516","מג'ד אל-כרום","מג'ד אל-כרום","מג'ד אל-כרום","2964","90516","הצפון","מועצה מקומית","מועצה מקומית","15429","15429","3","3","73","-0.668407410497829","4","4","94","-0.226489537321278","63214","55079","8135","12.87","130331","130522","30975","23.73","2007.58","13695","887.61","5292","342.99","18987","1230.6","19505","1264.18","False","False","STANDARD","True","MOIN_AUDITED_2024_CBS_2024_STAGE4B_VERIFIED"
"65","65","מגדל","מגדל","מגדל","2909","80065","הצפון","מועצה מקומית","מועצה מקומית","2162","2162","5","5","133","-0.00425125789444863","2","2","35","-0.761725457985965","10281","5301","4980","48.44","37150","37168","21011","56.53","9718.32","6911","3196.58","6922","3201.67","13833","6398.24","2256","1043.48","False","False","STANDARD","True","MOIN_AUDITED_2024_CBS_2024_STAGE4B_VERIFIED"
"4201","4201","מג'דל שמס","מג'דל שמס","מג'דל שמס","3012","94201","הצפון","מועצה מקומית","מועצה מקומית","11264","11264","3","3","76","-0.650575504132796","1","1","5","-1.51826246892409","27835","21583","6252","22.46","104279","106431","50905","47.83","4519.26","7587","673.56","5336","473.72","12923","1147.28","19409","1723.1","False","False","STANDARD","True","MOIN_AUDITED_2024_CBS_2024_STAGE4B_VERIFIED"
"28","28","מזכרת בתיה","מזכרת בתיה","מזכרת בתיה","2902","80028","המרכז","מועצה מקומית","מועצה מקומית","16334","16334","8","8","228","1.29412312978528","6","6","208","1.1009318416764","46276","32223","14053","30.37","120277","120277","77374","64.33","4736.99","37299","2283.52","9688","593.12","46987","2876.64","4820","295.09","False","False","STANDARD","True","MOIN_AUDITED_2024_CBS_2024_STAGE4B_VERIFIED"
"517","517","מזרעה","מזרעה","מזרעה","2965","90517","הצפון","מועצה מקומית","מועצה מקומית","3920","3920","4","4","93","-0.405378102640765","4","4","96","-0.220584715500167","10849","8560","2289","21.1","33838","33838","8447","24.96","2154.85","2851","727.3","1860","474.49","4711","1201.79","6779","1729.34","False","False","STANDARD","True","MOIN_AUDITED_2024_CBS_2024_STAGE4B_VERIFIED"
"43","43","מטולה","מטולה","מטולה","2883","70043","הצפון","מועצה מקומית","מועצה מקומית","2248","2248","7","7","203","0.891025755400212","1","1","10","-1.42214332528473","4392","5652","-1260","-28.69","18542","18551","2984","16.09","1327.4","72","32.03","576","256.23","648","288.26","1348","599.64","False","True","WAR_EVACUATION_ANOMALY","True","MOIN_AUDITED_2024_CBS_2024_STAGE4B_VERIFIED"
"1268","1268","מיתר","מיתר","מיתר","2892","71268","הדרום","מועצה מקומית","מועצה מקומית","11608","11608","9","9","241","1.49507980417734","3","3","57","-0.543315225585681","30986","21838","9148","29.52","100008","100120","71199","71.11","6133.61","36017","3102.77","1995","171.86","38012","3274.64","2968","255.69","False","False","STANDARD","True","MOIN_AUDITED_2024_CBS_2024_STAGE4B_VERIFIED"
"4203","4203","מסעדה","מסעדה","מסעדה","3013","94203","הצפון","מועצה מקומית","מועצה מקומית","4205","4205","3","3","41","-0.918827784817727","1","1","9","-1.4829089440105","13372","9876","3496","26.14","49801","50623","19836","39.18","4717.24","3984","947.44","2167","515.34","6151","1462.78","9977","2372.65","False","False","STANDARD","True","MOIN_AUDITED_2024_CBS_2024_STAGE4B_VERIFIED"
"518","518","מעיליא","מעיליא","מעיליא","2966","90518","הצפון","מועצה מקומית","מועצה מקומית","3323","3323","7","7","205","0.958916403155202","3","3","41","-0.666883979407407","7572","5249","2323","30.68","31233","31237","15241","48.79","4586.52","4949","1489.32","4450","1339.15","9399","2828.47","5255","1581.4","False","False","STANDARD","True","MOIN_AUDITED_2024_CBS_2024_STAGE4B_VERIFIED"
"3608","3608","מעלה אפרים","מעלה אפרים","מעלה אפרים","2924","83608","אזור יהודה והשומרון","מועצה מקומית","מועצה מקומית","1747","1747","3","3","70","-0.69032138928518","3","3","78","-0.368078492473093","5182","3434","1748","33.73","26873","26927","10376","38.53","5939.32","1622","928.45","1302","745.28","2924","1673.73","5853","3350.31","False","False","STANDARD","True","MOIN_AUDITED_2024_CBS_2024_STAGE4B_VERIFIED"
"1327","1327","מעלה עירון","מעלה עירון","מעלה עירון","3005","91327","חיפה","מועצה מקומית","מועצה מקומית","15486","15486","3","3","31","-1.05759281070729","5","5","139","0.147462630079582","67369","59669","7700","11.43","129097","129110","27002","20.91","1743.64","12127","783.09","1301","84.01","13428","867.11","20060","1295.36","False","False","STANDARD","True","MOIN_AUDITED_2024_CBS_2024_STAGE4B_VERIFIED"
"99","99","מצפה רמון","מצפה רמון","מצפה רמון","2826","50099","הדרום","מועצה מקומית","מועצה מקומית","5843","5843","3","3","40","-0.922174759991749","1","1","6","-1.51602571001199","24804","21027","3777","15.23","93574","93907","44591","47.48","7631.52","10519","1800.27","8558","1464.66","19077","3264.93","8422","1441.38","False","False","STANDARD","True","MOIN_AUDITED_2024_CBS_2024_STAGE4B_VERIFIED"
"520","520","משהד","משהד","משהד","2967","90520","הצפון","מועצה מקומית","מועצה מקומית","8822","8822","3","3","27","-1.12699252625568","5","5","125","0.0375358287657019","27119","21745","5374","19.82","62711","62650","14647","23.38","1660.28","6104","691.91","1153","130.7","7257","822.6","14570","1651.55","False","False","STANDARD","True","MOIN_AUDITED_2024_CBS_2024_STAGE4B_VERIFIED"
"522","522","נחף","נחף","נחף","2968","90522","הצפון","מועצה מקומית","מועצה מקומית","13995","13995","3","3","33","-1.01427778982551","3","3","72","-0.431931151999828","66837","64135","2702","4.04","123579","123613","20469","16.56","1462.59","9138","652.95","2161","154.41","11299","807.36","19739","1410.43","False","False","STANDARD","True","MOIN_AUDITED_2024_CBS_2024_STAGE4B_VERIFIED"
"525","525","סאג'ור","סאג'ור","סאג'ור","2969","90525","הצפון","מועצה מקומית","מועצה מקומית","4303","4303","4","4","89","-0.44931717079904","3","3","51","-0.574071419906389","10215","7182","3033","29.69","35282","31761","10742","33.82","2496.4","4484","1042.06","283","65.77","4767","1107.83","8041","1868.7","False","False","STANDARD","True","MOIN_AUDITED_2024_CBS_2024_STAGE4B_VERIFIED"
"587","587","סביון","סביון","סביון","2887","70587","המרכז","מועצה מקומית","מועצה מקומית","4405","4405","10","10","255","2.58668272851169","9","9","242","2.63257656573571","13575","6209","7366","54.26","86540","87318","79435","90.97","18032.92","31698","7195.91","4241","962.77","35939","8158.68","51","11.58","False","False","STANDARD","True","MOIN_AUDITED_2024_CBS_2024_STAGE4B_VERIFIED"
"4501","4501","ע'ג'ר","ע'ג'ר","ע'ג'ר","3014","94501","הצפון","מועצה מקומית","מועצה מקומית","2738","2738","3","3","37","-0.984989939634897","1","1","7","-1.49613467360163","6911","5030","1881","27.22","40299","39121","19687","50.32","7190.28","0","0","330","120.53","330","120.53","8558","3125.64","False","False","STANDARD","True","MOIN_AUDITED_2024_CBS_2024_STAGE4B_VERIFIED"
"666","666","עומר","עומר","עומר","2888","70666","הדרום","מועצה מקומית","מועצה מקומית","8078","8078","9","9","251","1.85631064333778","3","3","77","-0.369943690381158","37464","28411","9053","24.16","109818","109839","78992","71.92","9778.66","29764","3684.58","15430","1910.13","45194","5594.7","0","0","False","False","TRUE_ZERO_BALANCING","True","MOIN_AUDITED_2024_CBS_2024_STAGE4B_VERIFIED"
"530","530","עיילבון","עיילבון","עיילבון","2971","90530","הצפון","מועצה מקומית","מועצה מקומית","5849","5849","5","5","130","-0.0111764494620134","3","3","62","-0.482005039398213","16992","11209","5783","34.03","45946","45651","17005","37.25","2907.33","7005","1197.64","2331","398.53","9336","1596.17","9547","1632.24","False","False","STANDARD","True","MOIN_AUDITED_2024_CBS_2024_STAGE4B_VERIFIED"
"511","511","עילוט","עילוט","עילוט","2963","90511","הצפון","מועצה מקומית","מועצה מקומית","9077","9077","2","2","19","-1.40436782836245","4","4","123","0.00392833995373317","17172","14492","2680","15.61","72937","63081","20438","32.4","2251.62","5856","645.15","4242","467.34","10098","1112.48","13669","1505.89","False","False","STANDARD","True","MOIN_AUDITED_2024_CBS_2024_STAGE4B_VERIFIED"
"532","532","עין מאהל","עין מאהל","עין מאהל","2973","90532","הצפון","מועצה מקומית","מועצה מקומית","14029","14029","3","3","28","-1.10285276637696","4","4","102","-0.143779214190926","53095","48476","4619","8.7","111672","110899","26460","23.86","1886.09","10664","760.14","1423","101.43","12087","861.57","18607","1326.32","False","False","STANDARD","True","MOIN_AUDITED_2024_CBS_2024_STAGE4B_VERIFIED"
"4502","4502","עין קנייא","עין קנייא","עין קנייא","3015","94502","הצפון","מועצה מקומית","מועצה מקומית","2470","2470","3","3","49","-0.817201059522878","1","1","4","-1.53237014934943","6485","4296","2189","33.75","27431","28088","12450","44.32","5040.49","2234","904.45","753","304.86","2987","1209.31","7691","3113.77","False","False","STANDARD","True","MOIN_AUDITED_2024_CBS_2024_STAGE4B_VERIFIED"
"3660","3660","עמנואל","עמנואל","עמנואל","2849","53660","אזור יהודה והשומרון","מועצה מקומית","מועצה מקומית","5675","5675","2","2","12","-1.73859499671203","5","5","133","0.0738272235428112","21425","17446","3979","18.57","67992","68139","22759","33.4","4010.4","3108","547.67","6915","1218.5","10023","1766.17","14927","2630.31","False","False","STANDARD","True","MOIN_AUDITED_2024_CBS_2024_STAGE4B_VERIFIED"
"534","534","עספיא","עספיא","עספיא","2974","90534","חיפה","מועצה מקומית","מועצה מקומית","13403","13403","5","5","105","-0.273844325357136","4","4","114","-0.0905524082941877","33693","25811","7882","23.39","109187","109173","38982","35.71","2908.45","13538","1010.07","3435","256.29","16973","1266.36","15497","1156.23","False","False","STANDARD","True","MOIN_AUDITED_2024_CBS_2024_STAGE4B_VERIFIED"
"637","637","ערערה","ערערה","ערערה","2986","90637","חיפה","מועצה מקומית","מועצה מקומית","20734","20734","4","4","77","-0.605569696425823","5","5","158","0.261311706361035","79373","69993","9380","11.82","154003","149082","40055","26.87","1931.85","16671","804.04","4293","207.05","20964","1011.09","19316","931.61","False","False","STANDARD","True","MOIN_AUDITED_2024_CBS_2024_STAGE4B_VERIFIED"
"1192","1192","ערערה-בנגב","ערערה-בנגב","ערערה-בנגב","2999","91192","הדרום","מועצה מקומית","מועצה מקומית","21259","21259","1","1","2","-2.45325323192476","2","2","30","-0.890041298206778","67851","58736","9115","13.43","133999","132020","26708","20.23","1256.31","2168","101.98","1104","51.93","3272","153.91","27619","1299.17","False","False","STANDARD","True","MOIN_AUDITED_2024_CBS_2024_STAGE4B_VERIFIED"
"537","537","פוריידיס","פוריידיס","פוריידיס","2977","90537","חיפה","מועצה מקומית","מועצה מקומית","13548","13548","3","3","59","-0.760301801123199","5","5","141","0.156179486556702","59510","56623","2887","4.85","114765","114765","24322","21.19","1795.25","7584","559.79","719","53.07","8303","612.86","15777","1164.53","False","False","STANDARD","True","MOIN_AUDITED_2024_CBS_2024_STAGE4B_VERIFIED"
"535","535","פסוטה","פסוטה","פסוטה","2975","90535","הצפון","מועצה מקומית","מועצה מקומית","3426","3426","7","7","163","0.390576799539716","2","2","28","-0.92313120430022","8594","5640","2954","34.37","29774","29774","7852","26.37","2291.89","3654","1066.55","514","150.03","4168","1216.58","8601","2510.51","False","False","STANDARD","True","MOIN_AUDITED_2024_CBS_2024_STAGE4B_VERIFIED"
"536","536","פקיעין (בוקייעה)","פקיעין (בוקייעה)","פקיעין (בוקייעה)","2976","90536","הצפון","מועצה מקומית","מועצה מקומית","6114","6114","5","5","125","-0.0393890104814623","3","3","40","-0.691919966135239","14128","8780","5348","37.85","51542","51547","14789","28.69","2418.87","6828","1116.78","2052","335.62","8880","1452.4","11535","1886.65","False","False","STANDARD","True","MOIN_AUDITED_2024_CBS_2024_STAGE4B_VERIFIED"
"7800","7800","פרדס חנה-כרכור","פרדס חנה-כרכור","פרדס חנה-כרכור","2879","67800","חיפה","מועצה מקומית","מועצה מקומית","46601","46601","7","7","188","0.703761731849565","6","6","174","0.511931423370029","128324","98107","30217","23.55","375067","375071","238427","63.57","5116.35","89403","1918.48","38737","831.25","128140","2749.73","2134","45.79","False","False","STANDARD","True","MOIN_AUDITED_2024_CBS_2024_STAGE4B_VERIFIED"
"171","171","פרדסייה","פרדסייה","פרדסיה","2911","80171","המרכז","מועצה מקומית","מועצה מקומית","7973","7973","9","9","240","1.49214590296197","6","6","205","1.01052396950645","24976","16922","8054","32.25","59589","59637","37474","62.84","4700.11","20659","2591.12","1715","215.1","22374","2806.22","3383","424.31","False","False","STANDARD","True","MOIN_AUDITED_2024_CBS_2024_STAGE4B_VERIFIED"
"1113","1113","צור הדסה","צור הדסה","צור הדסה","3814","11113","ירושלים","מועצה מקומית","מועצה מקומית","10459","10459","8","8",,"1.24420569489159","5","5",,,"31939","17299","14640","45.84","77151","70683","41478","58.68","3965.77","20207","1932.02","828","79.17","21035","2011.19","6476","619.18","False","False","MISSING_INDEX","True","MOIN_AUDITED_2024_CBS_2024_STAGE4B_VERIFIED"
"3557","3557","קדומים","קדומים","קדומים","2920","83557","אזור יהודה והשומרון","מועצה מקומית","מועצה מקומית","4564","4564","5","5","132","-0.00611907236279035","5","5","136","0.132503281372712","24395","19074","5321","21.81","68207","68228","29850","43.75","6540.32","7286","1596.41","5502","1205.52","12788","2801.93","12898","2826.03","False","False","STANDARD","True","MOIN_AUDITED_2024_CBS_2024_STAGE4B_VERIFIED"
"195","195","קדימה-צורן","קדימה-צורן","קדימה-צורן","4137","1350","המרכז","מועצה מקומית","מועצה מקומית","22655","22655","8","8","223","1.24054471039999","6","6","206","1.03236803497663","110161","81104","29057","26.38","203297","200603","107494","53.59","4744.82","54176","2391.35","12725","561.69","66901","2953.03","0","0","False","False","TRUE_ZERO_BALANCING","True","MOIN_AUDITED_2024_CBS_2024_STAGE4B_VERIFIED"
"4100","4100","קצרין","קצרין","קצרין","2934","84100","הצפון","מועצה מקומית","מועצה מקומית","8013","8013","5","5","108","-0.224344410019103","1","1","12","-1.24853098182495","56670","45047","11623","20.51","115583","115834","36107","31.17","4506.05","9566","1193.81","10393","1297.02","19959","2490.83","13857","1729.31","False","False","STANDARD","True","MOIN_AUDITED_2024_CBS_2024_STAGE4B_VERIFIED"
"3611","3611","קריית ארבע","קריית ארבע","קרית ארבע","2925","83611","אזור יהודה והשומרון","מועצה מקומית","מועצה מקומית","7698","7698","3","3","42","-0.904958834882648","3","3","64","-0.472340656498215","39384","31248","8136","20.66","104163","104183","26967","25.88","3503.12","7308","949.34","3008","390.75","10316","1340.09","19613","2547.8","False","False","STANDARD","True","MOIN_AUDITED_2024_CBS_2024_STAGE4B_VERIFIED"
"2300","2300","קריית טבעון","קריית טבעון","קרית טבעון","2812","42300","חיפה","מועצה מקומית","מועצה מקומית","19158","19158","8","8","220","1.21546960622859","5","5","135","0.0922185422836147","37538","22807","14731","39.24","151968","151995","110590","72.76","5772.52","44868","2342","30697","1602.31","75565","3944.31","0","0","False","False","TRUE_ZERO_BALANCING","True","MOIN_AUDITED_2024_CBS_2024_STAGE4B_VERIFIED"
"1137","1137","קריית יערים","קריית יערים","קרית יערים","2912","81137","ירושלים","מועצה מקומית","מועצה מקומית","7839","7839","2","2","26","-1.17420140253891","6","6","190","0.788755140252289","17308","12092","5216","30.14","63880","63882","22303","34.91","2845.13","8292","1057.79","1139","145.3","9431","1203.09","15426","1967.85","False","False","STANDARD","True","MOIN_AUDITED_2024_CBS_2024_STAGE4B_VERIFIED"
"469","469","קריית עקרון","קריית עקרון","קרית עקרון","2830","50469","המרכז","מועצה מקומית","מועצה מקומית","11283","11283","5","5","127","-0.0213281832613795","7","7","220","1.45395845530549","32475","18184","14291","44.01","107333","107632","76389","70.97","6770.25","13396","1187.27","36770","3258.89","50166","4446.16","675","59.82","False","False","STANDARD","True","MOIN_AUDITED_2024_CBS_2024_STAGE4B_VERIFIED"
"3640","3640","קרני שומרון","קרני שומרון","קרני שומרון","2927","83640","אזור יהודה והשומרון","מועצה מקומית","מועצה מקומית","10541","10541","6","6","146","0.164843167121389","5","5","164","0.313893503650185","74353","64243","10110","13.6","138088","138167","51167","37.03","4854.09","14598","1384.88","4064","385.54","18662","1770.42","17524","1662.46","False","False","STANDARD","True","MOIN_AUDITED_2024_CBS_2024_STAGE4B_VERIFIED"
"543","543","ראמה","ראמה","ראמה","2981","90543","הצפון","מועצה מקומית","מועצה מקומית","8405","8405","5","5","120","-0.0689968238339717","3","3","59","-0.519677543642692","27631","22002","5629","20.37","72974","72917","19763","27.1","2351.34","6236","741.94","2485","295.66","8721","1037.6","13531","1609.88","False","False","STANDARD","True","MOIN_AUDITED_2024_CBS_2024_STAGE4B_VERIFIED"
"26","26","ראש פינה","ראש פינה","ראש פינה","2901","80026","הצפון","מועצה מקומית","מועצה מקומית","3308","3308","7","7","186","0.643516313100109","2","2","27","-0.924595831592102","10383","5559","4824","46.46","56968","56968","46289","81.25","13993.05","6804","2056.83","24462","7394.8","31266","9451.63","0","0","False","False","TRUE_ZERO_BALANCING","True","MOIN_AUDITED_2024_CBS_2024_STAGE4B_VERIFIED"
"542","542","ריינה","ריינה","ריינה","2980","90542","הצפון","מועצה מקומית","מועצה מקומית","20653","20653","3","3","34","-1.01321698634153","5","5","152","0.220977982526397","57116","45437","11679","20.45","140811","133021","42295","31.8","2047.89","14257","690.31","6540","316.66","20797","1006.97","18455","893.57","False","False","STANDARD","True","MOIN_AUDITED_2024_CBS_2024_STAGE4B_VERIFIED"
"922","922","רכסים","רכסים","רכסים","2834","50922","חיפה","מועצה מקומית","מועצה מקומית","15086","15086","2","2","13","-1.70853874246549","5","5","134","0.0848389733585958","28798","22458","6340","22.02","94593","94860","22760","23.99","1508.68","5760","381.81","499","33.08","6259","414.89","27380","1814.93","False","False","STANDARD","True","MOIN_AUDITED_2024_CBS_2024_STAGE4B_VERIFIED"
"122","122","רמת ישי","רמת ישי","רמת ישי","2910","80122","הצפון","מועצה מקומית","מועצה מקומית","7953","7953","8","8","230","1.31001811928829","4","4","122","-0.015697963036268","20823","13504","7319","35.15","60628","60072","40952","68.17","5149.25","17446","2193.64","8690","1092.67","26136","3286.31","0","0","False","False","TRUE_ZERO_BALANCING","True","MOIN_AUDITED_2024_CBS_2024_STAGE4B_VERIFIED"
"913","913","שבלי - אום אל-גנם","שבלי - אום אל-גנם","שבלי-אום אל ג'נם","2989","90913","הצפון","מועצה מקומית","מועצה מקומית","6476","6476","3","3","65","-0.721861862800892","3","3","82","-0.335685033584807","30215","23146","7069","23.4","61945","54976","9768","17.77","1508.34","5040","778.26","294","45.4","5334","823.66","11826","1826.13","False","False","STANDARD","True","MOIN_AUDITED_2024_CBS_2024_STAGE4B_VERIFIED"
"1286","1286","שגב-שלום","שגב-שלום","שגב-שלום","3001","91286","הדרום","מועצה מקומית","מועצה מקומית","16736","16736","1","1","6","-2.24171508440283","3","3","49","-0.579194818601705","71526","69844","1682","2.35","132988","133246","31110","23.35","1858.87","3676","219.65","6087","363.71","9763","583.35","18328","1095.12","False","False","STANDARD","True","MOIN_AUDITED_2024_CBS_2024_STAGE4B_VERIFIED"
"1304","1304","שוהם","שוהם","שוהם","2916","81304","המרכז","מועצה מקומית","מועצה מקומית","23592","23592","9","9","247","1.68488864716694","7","7","213","1.26790102312163","95032","68018","27014","28.43","203658","203678","121712","59.76","5159.04","55144","2337.4","39775","1685.95","94919","4023.36","0","0","False","False","TRUE_ZERO_BALANCING","True","MOIN_AUDITED_2024_CBS_2024_STAGE4B_VERIFIED"
"812","812","שלומי","שלומי","שלומי","2831","50812","הצפון","מועצה מקומית","מועצה מקומית","8225","8225","6","6","151","0.189673004515449","3","3","39","-0.69371802716457","30786","28211","2575","8.36","81020","76781","17199","22.4","2091.06","245","29.79","12901","1568.51","13146","1598.3","6768","822.86","False","True","WAR_EVACUATION_CONTEXT","True","MOIN_AUDITED_2024_CBS_2024_STAGE4B_VERIFIED"
"538","538","שעב","שעב","שעב","2978","90538","הצפון","מועצה מקומית","מועצה מקומית","7789","7789","3","3","35","-1.00374991522549","3","3","75","-0.376676121851701","33818","28874","4944","14.62","69134","66594","12424","18.66","1595.07","4990","640.65","1973","253.31","6963","893.95","13323","1710.49","False","False","STANDARD","True","MOIN_AUDITED_2024_CBS_2024_STAGE4B_VERIFIED"
"3826","3826","שער שומרון","שער שומרון","שער שומרון","5814","3826","אזור יהודה והשומרון","מועצה מקומית","מועצה מקומית","8836","8836","7","7",,,"6","6",,,"24215","14683","9532","39.36","78329","72763","41434","56.94","4689.23","19985","2261.77","1115","126.19","21100","2387.96","8567","969.56","False","False","MISSING_INDEX","True","MOIN_AUDITED_2024_CBS_2024_STAGE4B_VERIFIED"
"154","154","תל מונד","תל מונד","תל מונד","2855","60154","המרכז","מועצה מקומית","מועצה מקומית","14771","14771","9","9","238","1.47222313130191","6","6","204","0.997348327906369","69146","56039","13107","18.96","136939","136939","68865","50.29","4662.18","37907","2566.31","6602","446.96","44509","3013.27","1354","91.67","False","False","STANDARD","True","MOIN_AUDITED_2024_CBS_2024_STAGE4B_VERIFIED"
"1054","1054","תל שבע","תל שבע","תל שבע","2995","91054","הדרום","מועצה מקומית","מועצה מקומית","24782","24782","1","1","3","-2.40986269433636","3","3","70","-0.44012864272921","62964","58679","4285","6.81","128925","128940","16027","12.43","646.72","2568","103.62","426","17.19","2994","120.81","26147","1055.08","False","False","STANDARD","True","MOIN_AUDITED_2024_CBS_2024_STAGE4B_VERIFIED"
"5569","5569","אל קסום","אל קסום","אל קסום","5456","6269","הדרום","מועצה אזורית","מועצה אזורית","21328","21328","1","1","4","-2.31658911394055","3","3","50","-0.57910988565348","121210","111372","9838","8.12","236405","228038","26529","11.63","1243.86","6","0.28","3714","174.14","3720","174.42","16842","789.67","False","False","STANDARD","True","MOIN_AUDITED_2024_CBS_2024_STAGE4B_VERIFIED"
"5565","5565","אל-בטוף","אל-בטוף","אל-בטוף","3006","92565","הצפון","מועצה אזורית","מועצה אזורית","9387","9387","2","2","23","-1.22692578357707","3","3","63","-0.47239665455424","46972","42864","4108","8.75","87884","81230","13775","16.96","1467.45","5841","622.24","1003","106.85","6844","729.09","9819","1046.02","False","False","STANDARD","True","MOIN_AUDITED_2024_CBS_2024_STAGE4B_VERIFIED"
"5545","5545","אלונה","אלונה","אלונה","2787","3245","חיפה","מועצה אזורית","מועצה אזורית","2161","2161","8","8","219","1.19824312068227","4","4","121","-0.0409234186000343","10491","5698","4793","45.69","25332","25337","9011","35.56","4169.83","3836","1775.1","223","103.19","4059","1878.3","9349","4326.24","False","False","STANDARD","True","MOIN_AUDITED_2024_CBS_2024_STAGE4B_VERIFIED"
"5538","5538","אשכול","אשכול","אשכול","2867","6238","הדרום","מועצה אזורית","מועצה אזורית","19886","19886","6","6","160","0.309360787766713","2","2","31","-0.843234785956409","143868","121409","22459","15.61","429649","314471","71352","22.69","3588.05","5965","299.96","41333","2078.5","47298","2378.46","34168","1718.19","False","True","WAR_EVACUATION_CONTEXT","True","MOIN_AUDITED_2024_CBS_2024_STAGE4B_VERIFIED"
"5533","5533","באר טוביה","באר טוביה","באר טוביה","2861","6133","הדרום","מועצה אזורית","מועצה אזורית","25131","25131","7","7","202","0.855811392396049","6","6","176","0.567556315284276","143959","77273","66686","46.32","383562","388934","313266","80.54","12465.32","42186","1678.64","164715","6554.26","206901","8232.9","0","0","False","False","TRUE_ZERO_BALANCING","True","MOIN_AUDITED_2024_CBS_2024_STAGE4B_VERIFIED"
"5566","5566","בוסתן אל-מרג'","בוסתן אל-מרג'","בוסתאן אל-מרג'","3007","92566","הצפון","מועצה אזורית","מועצה אזורית","8450","8450","3","3","54","-0.779897561422483","3","3","84","-0.320321751401819","23298","16456","6842","29.37","55350","48149","14124","29.33","1671.48","6393","756.57","764","90.41","7157","846.98","7886","933.25","False","False","STANDARD","True","MOIN_AUDITED_2024_CBS_2024_STAGE4B_VERIFIED"
"5541","5541","בני שמעון","בני שמעון","בני שמעון","2869","6241","הדרום","מועצה אזורית","מועצה אזורית","12034","12034","7","7","207","0.97131269230794","3","3","74","-0.419807510131896","70381","63655","6726","9.56","226325","227138","154322","67.94","12823.83","17206","1429.78","39718","3300.48","56924","4730.26","0","0","False","False","TRUE_ZERO_BALANCING","True","MOIN_AUDITED_2024_CBS_2024_STAGE4B_VERIFIED"
"5528","5528","ברנר","ברנר","ברנר","2819","4428","המרכז","מועצה אזורית","מועצה אזורית","8263","8263","8","8","222","1.23944939401629","7","7","216","1.30911696552362","62567","52647","9920","15.86","111872","111872","57182","51.11","6920.25","13332","1613.46","23105","2796.2","36437","4409.66","0","0","False","False","TRUE_ZERO_BALANCING","True","MOIN_AUDITED_2024_CBS_2024_STAGE4B_VERIFIED"
"5532","5532","גדרות","גדרות","גדרות","2822","4432","המרכז","מועצה אזורית","מועצה אזורית","5112","5112","9","9","250","1.75980603244407","6","6","193","0.853511644011352","17124","11512","5612","32.77","52231","52315","37568","71.81","7348.98","12515","2448.16","10842","2120.89","23357","4569.05","162","31.69","False","False","STANDARD","True","MOIN_AUDITED_2024_CBS_2024_STAGE4B_VERIFIED"
"5571","5571","גולן","גולן","גולן","2780","2971","הצפון","מועצה אזורית","מועצה אזורית","21957","21957","6","6","153","0.207460188028709","1","1","14","-1.24393684939621","103755","82055","21700","20.91","231897","231910","93567","40.35","4261.37","28092","1279.41","29304","1334.61","57396","2614.02","32398","1475.52","False","False","STANDARD","True","MOIN_AUDITED_2024_CBS_2024_STAGE4B_VERIFIED"
"5576","5576","גוש עציון","גוש עציון","גוש עציון","2899","7676","אזור יהודה והשומרון","מועצה אזורית","מועצה אזורית","28523","28523","6","6","144","0.144279697979852","4","4","119","-0.0700623448587411","149231","115929","33302","22.32","286927","265919","80640","30.33","2827.19","36086","1265.15","12388","434.32","48474","1699.47","10711","375.52","False","False","STANDARD","True","MOIN_AUDITED_2024_CBS_2024_STAGE4B_VERIFIED"
"5530","5530","גזר","גזר","גזר","2816","4330","המרכז","מועצה אזורית","מועצה אזורית","29370","29370","8","8","217","1.16165002923498","6","6","207","1.09916177274996","116715","77440","39275","33.65","274625","274952","182619","66.42","6217.88","46269","1575.38","72361","2463.77","118630","4039.16","0","0","False","False","TRUE_ZERO_BALANCING","True","MOIN_AUDITED_2024_CBS_2024_STAGE4B_VERIFIED"
"5527","5527","גן רווה","גן רווה","גן רווה","2818","4427","המרכז","מועצה אזורית","מועצה אזורית","6418","6418","8","8","235","1.38948805267471","7","7","225","1.53875875019618","23725","16074","7651","32.25","61897","61917","46490","75.08","7243.69","12081","1882.36","16670","2597.38","28751","4479.74","0","0","False","False","TRUE_ZERO_BALANCING","True","MOIN_AUDITED_2024_CBS_2024_STAGE4B_VERIFIED"
"5520","5520","דרום השרון","דרום השרון","דרום השרון","2810","4220","המרכז","מועצה אזורית","מועצה אזורית","34938","34938","8","8","236","1.41597751631977","7","7","222","1.49023508200213","196362","161492","34870","17.76","427169","427222","252920","59.2","7239.11","63199","1808.89","54675","1564.91","117874","3373.81","0","0","False","False","TRUE_ZERO_BALANCING","True","MOIN_AUDITED_2024_CBS_2024_STAGE4B_VERIFIED"
"5508","5508","הגלבוע","הגלבוע","הגלבוע","2762","2308","הצפון","מועצה אזורית","מועצה אזורית","35090","35090","5","5","118","-0.0981081648619077","3","3","73","-0.423565423640809","123110","89529","33581","27.28","286764","286843","126251","44.01","3597.92","47232","1346.02","36197","1031.55","83429","2377.57","23210","661.44","False","False","STANDARD","True","MOIN_AUDITED_2024_CBS_2024_STAGE4B_VERIFIED"
"5501","5501","הגליל העליון","הגליל העליון","הגליל העליון","2756","2101","הצפון","מועצה אזורית","מועצה אזורית","20681","20681","7","7","183","0.602380316990632","1","1","15","-1.23974258082402","120850","117572","3278","2.71","309247","309324","90634","29.3","4382.48","15631","755.81","49295","2383.59","64926","3139.4","20010","967.55","False","True","WAR_EVACUATION_CONTEXT","True","MOIN_AUDITED_2024_CBS_2024_STAGE4B_VERIFIED"
"5503","5503","הגליל התחתון","הגליל התחתון","הגליל התחתון","2759","2203","הצפון","מועצה אזורית","מועצה אזורית","13414","13414","7","7","181","0.593536856693167","3","3","55","-0.559429016529499","73288","54806","18482","25.22","188113","188070","121782","64.75","9078.72","23455","1748.55","41487","3092.81","64942","4841.36","7395","551.29","False","True","WAR_EVACUATION_CONTEXT","True","MOIN_AUDITED_2024_CBS_2024_STAGE4B_VERIFIED"
"5554","5554","הערבה התיכונה","הערבה התיכונה","הערבה התיכונה","2876","6254","הדרום","מועצה אזורית","מועצה אזורית","6780","6780","7","7","198","0.791768041396755","1","1","3","-1.82669481449285","19834","17586","2248","11.33","66824","66976","47107","70.33","6947.96","7069","1042.63","19834","2925.37","26903","3967.99","251","37.02","False","False","STANDARD","True","MOIN_AUDITED_2024_CBS_2024_STAGE4B_VERIFIED"
"5578","5578","הר חברון","הר חברון","הר חברון","2900","7778","אזור יהודה והשומרון","מועצה אזורית","מועצה אזורית","11848","11848","5","5","135","0.0124547790313806","3","3","43","-0.64620802515192","101789","90444","11345","11.15","194358","194468","39911","20.52","3368.59","13421","1132.77","8649","730","22070","1862.76","26319","2221.39","False","False","STANDARD","True","MOIN_AUDITED_2024_CBS_2024_STAGE4B_VERIFIED"
"5512","5512","זבולון","זבולון","זבולון","2783","3112","חיפה","מועצה אזורית","מועצה אזורית","13244","13244","5","5","129","-0.0143861802233418","5","5","126","0.0396593839372482","91541","78438","13103","14.31","201644","201649","103495","51.32","7814.48","22235","1678.87","21146","1596.65","43381","3275.52","7269","548.85","False","False","STANDARD","True","MOIN_AUDITED_2024_CBS_2024_STAGE4B_VERIFIED"
"5553","5553","חבל אילות","חבל אילות","חבל אילות","2874","6253","הדרום","מועצה אזורית","מועצה אזורית","5441","5441","5","5","123","-0.0554467253812583","1","1","2","-2.41307429028948","40199","34773","5426","13.5","159756","159764","97738","61.18","17963.24","12816","2355.45","25090","4611.28","37906","6966.73","0","0","False","False","TRUE_ZERO_BALANCING","True","MOIN_AUDITED_2024_CBS_2024_STAGE4B_VERIFIED"
"5529","5529","חבל יבנה","חבל יבנה","חבל יבנה","2820","4429","המרכז","מועצה אזורית","מועצה אזורית","6630","6630","6","6","139","0.0692677361923638","6","6","196","0.891210052986919","32365","18486","13879","42.88","76388","76395","52947","69.31","7985.97","8184","1234.39","33717","5085.52","41901","6319.91","168","25.34","False","False","STANDARD","True","MOIN_AUDITED_2024_CBS_2024_STAGE4B_VERIFIED"
"5525","5525","חבל מודיעין","חבל מודיעין","חבל מודיעין","2811","4225","המרכז","מועצה אזורית","מועצה אזורית","24085","24085","7","7","201","0.8369203556641","7","7","218","1.4327132203313","110911","59734","51177","46.14","285702","286061","214215","74.88","8894.12","32367","1343.87","128163","5321.28","160530","6665.14","0","0","False","True","WAR_EVACUATION_CONTEXT","True","MOIN_AUDITED_2024_CBS_2024_STAGE4B_VERIFIED"
"5536","5536","חוף אשקלון","חוף אשקלון","חוף אשקלון","2864","6136","הדרום","מועצה אזורית","מועצה אזורית","20872","20872","7","7","187","0.648184895648574","5","5","144","0.164633443884923","110948","85510","25438","22.93","285340","285975","113100","39.55","5418.74","23202","1111.63","33249","1593","56451","2704.63","14661","702.42","False","True","WAR_EVACUATION_CONTEXT","True","MOIN_AUDITED_2024_CBS_2024_STAGE4B_VERIFIED"
"5515","5515","חוף הכרמל","חוף הכרמל","חוף הכרמל","2785","3215","חיפה","מועצה אזורית","מועצה אזורית","35970","35970","8","8","208","1.04329419378981","5","5","127","0.0442584528438449","163900","128774","35126","21.43","373839","373866","203932","54.55","5669.5","78753","2189.41","42773","1189.13","121526","3378.54","0","0","False","False","TRUE_ZERO_BALANCING","True","MOIN_AUDITED_2024_CBS_2024_STAGE4B_VERIFIED"
"5519","5519","חוף השרון","חוף השרון","חוף השרון","2809","4119","המרכז","מועצה אזורית","מועצה אזורית","14587","14587","8","8","234","1.38003766816054","7","7","214","1.27617347027796","51761","30386","21375","41.3","156169","156176","120355","77.06","8250.84","30547","2094.12","48874","3350.52","79421","5444.64","0","0","False","False","TRUE_ZERO_BALANCING","True","MOIN_AUDITED_2024_CBS_2024_STAGE4B_VERIFIED"
"5535","5535","יואב","יואב","יואב","2863","6135","הדרום","מועצה אזורית","מועצה אזורית","9297","9297","8","8","212","1.1110384126215","5","5","147","0.188870906923314","83275","62856","20419","24.52","156602","157346","98712","62.74","10617.62","14211","1528.56","35332","3800.37","49543","5328.92","0","0","False","False","TRUE_ZERO_BALANCING","True","MOIN_AUDITED_2024_CBS_2024_STAGE4B_VERIFIED"
"5518","5518","לב השרון","לב השרון","לב השרון","2808","4118","המרכז","מועצה אזורית","מועצה אזורית","24252","24252","8","8","221","1.22936321208065","6","6","197","0.900892648247334","162560","126209","36351","22.36","287897","287749","164653","57.22","6789.25","47469","1957.31","44064","1816.91","91532","3774.22","0","0","False","False","TRUE_ZERO_BALANCING","True","MOIN_AUDITED_2024_CBS_2024_STAGE4B_VERIFIED"
"5550","5550","לכיש","לכיש","לכיש","2866","6150","הדרום","מועצה אזורית","מועצה אזורית","16252","16252","7","7","174","0.547525622373388","4","4","103","-0.141525428004818","65364","44799","20565","31.46","141022","129845","57174","44.03","3517.97","17282","1063.36","11391","700.87","28672","1764.24","13708","843.47","False","False","STANDARD","True","MOIN_AUDITED_2024_CBS_2024_STAGE4B_VERIFIED"
"5555","5555","מבואות החרמון","מבואות החרמון","מבואות החרמון","2758","2155","הצפון","מועצה אזורית","מועצה אזורית","9011","9011","7","7","200","0.799224894535132","1","1","17","-1.15578459216412","31176","25695","5481","17.58","104350","104500","35972","34.42","3992.01","7254","805.02","7626","846.3","14880","1651.32","10220","1134.17","False","False","STANDARD","True","MOIN_AUDITED_2024_CBS_2024_STAGE4B_VERIFIED"
"5513","5513","מגידו","מגידו","מגידו","2764","2313","הצפון","מועצה אזורית","מועצה אזורית","12836","12836","7","7","168","0.466504072519644","4","4","118","-0.0753700302636019","70135","56947","13188","18.8","174916","174413","106353","60.98","8285.53","22204","1729.82","40475","3153.24","62679","4883.06","0","0","False","False","TRUE_ZERO_BALANCING","True","MOIN_AUDITED_2024_CBS_2024_STAGE4B_VERIFIED"
"5574","5574","מגילות ים המלח","מגילות ים המלח","מגילות ים המלח","2897","7574","אזור יהודה והשומרון","מועצה אזורית","מועצה אזורית","2786","2786","7","7","180","0.576215162629972","3","3","56","-0.552813950529746","19430","14491","4939","25.42","41594","41595","18538","44.57","6653.98","3718","1334.53","8636","3099.78","12354","4434.31","3120","1119.89","False","False","STANDARD","True","MOIN_AUDITED_2024_CBS_2024_STAGE4B_VERIFIED"
"5504","5504","מטה אשר","מטה אשר","מטה אשר","2765","2404","הצפון","מועצה אזורית","מועצה אזורית","32033","32033","7","7","173","0.52029816317265","3","3","69","-0.450165267327898","168293","147705","20588","12.23","420571","400433","200948","50.18","6273.16","38296","1195.52","68928","2151.78","107224","3347.3","25231","787.66","False","True","WAR_EVACUATION_CONTEXT","True","MOIN_AUDITED_2024_CBS_2024_STAGE4B_VERIFIED"
"5573","5573","מטה בנימין","מטה בנימין","מטה בנימין","2896","7473","אזור יהודה והשומרון","מועצה אזורית","מועצה אזורית","80968","80968","5","5","119","-0.0807180235339433","5","5","149","0.198216577199593","496227","435563","60664","12.23","890425","890510","265184","29.78","3275.17","102345","1264.02","28438","351.23","130783","1615.24","79718","984.56","False","False","STANDARD","True","MOIN_AUDITED_2024_CBS_2024_STAGE4B_VERIFIED"
"5526","5526","מטה יהודה","מטה יהודה","מטה יהודה","2751","1026","ירושלים","מועצה אזורית","מועצה אזורית","51017","51017","7","7","191","0.757310924593459","6","6","166","0.420737027149415","270815","203379","67436","24.9","581883","579086","328459","56.72","6438.23","67306","1319.29","132719","2601.47","200025","3920.75","24658","483.33","False","False","STANDARD","True","MOIN_AUDITED_2024_CBS_2024_STAGE4B_VERIFIED"
"5514","5514","מנשה","מנשה","מנשה","2784","3214","חיפה","מועצה אזורית","מועצה אזורית","22676","22676","7","7","185","0.637839251239665","5","5","160","0.280849941926226","88342","72517","15825","17.91","257808","264657","154112","58.23","6796.26","33846","1492.59","55930","2466.48","89776","3959.08","5196","229.14","False","False","STANDARD","True","MOIN_AUDITED_2024_CBS_2024_STAGE4B_VERIFIED"
"5552","5552","מעלה יוסף","מעלה יוסף","מעלה יוסף","2873","6252","הצפון","מועצה אזורית","מועצה אזורית","12506","12506","7","7","167","0.465849389588245","2","2","36","-0.755011759095706","74527","65901","8626","11.57","171292","150575","44654","29.66","3570.61","11759","940.27","12476","997.6","24235","1937.87","18126","1449.38","False","False","STANDARD","True","MOIN_AUDITED_2024_CBS_2024_STAGE4B_VERIFIED"
"5502","5502","מרום הגליל","מרום הגליל","מרום הגליל","2757","2102","הצפון","מועצה אזורית","מועצה אזורית","17361","17361","5","5","136","0.0160192484810836","2","2","29","-0.89499233262289","83262","66567","16695","20.05","214834","214907","71246","33.15","4103.8","17891","1030.53","21852","1258.68","39743","2289.21","27045","1557.8","False","True","WAR_EVACUATION_CONTEXT","True","MOIN_AUDITED_2024_CBS_2024_STAGE4B_VERIFIED"
"5542","5542","מרחבים","מרחבים","מרחבים","2870","6242","הדרום","מועצה אזורית","מועצה אזורית","16015","16015","6","6","155","0.232420269320654","3","3","65","-0.471222759944805","97734","75905","21829","22.34","197567","197751","77219","39.05","4821.67","19639","1226.29","31825","1987.2","51464","3213.49","16766","1046.89","False","False","STANDARD","True","MOIN_AUDITED_2024_CBS_2024_STAGE4B_VERIFIED"
"5556","5556","משגב","משגב","משגב","2766","2456","הצפון","מועצה אזורית","מועצה אזורית","30505","30505","7","7","184","0.61884249249168","3","3","68","-0.453161609776493","177897","144664","33233","18.68","326425","326425","158504","48.56","5196","51678","1694.08","34667","1136.44","86345","2830.52","10725","351.58","False","False","STANDARD","True","MOIN_AUDITED_2024_CBS_2024_STAGE4B_VERIFIED"
"5568","5568","נווה מדבר","נווה מדבר","נווה מדבר","5455","6268","הדרום","מועצה אזורית","מועצה אזורית","14992","14992","1","1","1","-2.86462268261514","2","2","21","-0.999496431050229","150455","149181","1274","0.85","237591","235576","20426","8.67","1362.46","51","3.4","457","30.48","508","33.88","16985","1132.94","False","False","STANDARD","True","MOIN_AUDITED_2024_CBS_2024_STAGE4B_VERIFIED"
"5531","5531","נחל שורק","נחל שורק","נחל שורק","2821","4431","המרכז","מועצה אזורית","מועצה אזורית","10682","10682","5","5","122","-0.0565400414682475","6","6","178","0.641648040132131","57248","46122","11126","19.43","134712","134787","70713","52.46","6619.83","12960","1213.26","21758","2036.88","34718","3250.14","3094","289.65","False","False","STANDARD","True","MOIN_AUDITED_2024_CBS_2024_STAGE4B_VERIFIED"
"5506","5506","עמק הירדן","עמק הירדן","עמק הירדן","2760","2206","הצפון","מועצה אזורית","מועצה אזורית","16551","16551","7","7","169","0.474757820443429","2","2","33","-0.799152058552945","60668","54640","6028","9.94","203439","203498","121625","59.77","7348.5","27911","1686.36","40587","2452.24","68498","4138.6","1731","104.59","False","False","STANDARD","True","MOIN_AUDITED_2024_CBS_2024_STAGE4B_VERIFIED"
"5507","5507","עמק המעיינות","עמק המעיינות","עמק המעיינות","2761","2307","הצפון","מועצה אזורית","מועצה אזורית","16631","16631","6","6","158","0.304011265352971","2","2","38","-0.734206954578566","89839","71374","18465","20.55","218987","219285","118237","53.92","7109.43","29163","1753.53","38413","2309.72","67576","4063.26","9338","561.48","False","False","STANDARD","True","MOIN_AUDITED_2024_CBS_2024_STAGE4B_VERIFIED"
"5516","5516","עמק חפר","עמק חפר","עמק חפר","2807","4116","המרכז","מועצה אזורית","מועצה אזורית","43173","43173","8","8","224","1.24108950967523","6","6","181","0.667401654971772","227251","171811","55440","24.4","472850","472900","282456","59.73","6542.42","90364","2093.07","91911","2128.9","182275","4221.97","0","0","False","False","TRUE_ZERO_BALANCING","True","MOIN_AUDITED_2024_CBS_2024_STAGE4B_VERIFIED"
"5509","5509","עמק יזרעאל","עמק יזרעאל","עמק יזרעאל","2763","2309","הצפון","מועצה אזורית","מועצה אזורית","41445","41445","8","8","213","1.11473409661279","4","4","101","-0.154977739980397","238921","178578","60343","25.26","517199","517340","320735","62","7738.81","66366","1601.3","107779","2600.53","174145","4201.83","0","0","False","False","TRUE_ZERO_BALANCING","True","MOIN_AUDITED_2024_CBS_2024_STAGE4B_VERIFIED"
"5575","5575","ערבות הירדן","ערבות הירדן","ערבות הירדן","2898","7575","אזור יהודה והשומרון","מועצה אזורית","מועצה אזורית","7847","7847","6","6","147","0.165060135807751","3","3","45","-0.619080032784006","49976","52511","-2535","-5.07","126394","126428","30015","23.74","3825.03","9726","1239.45","10124","1290.17","19850","2529.63","23250","2962.92","False","False","SOURCE_VERIFIED_ANOMALY","True","MOIN_AUDITED_2024_CBS_2024_STAGE4B_VERIFIED"
"5548","5548","רמת נגב","רמת נגב","רמת נגב","2871","6248","הדרום","מועצה אזורית","מועצה אזורית","10023","10023","6","6","152","0.205547695062263","1","1","16","-1.20840915392456","65746","49106","16640","25.31","211323","213171","146754","68.84","14641.72","17010","1697.1","47480","4737.1","64490","6434.2","0","0","False","False","TRUE_ZERO_BALANCING","True","MOIN_AUDITED_2024_CBS_2024_STAGE4B_VERIFIED"
"5540","5540","שדות דן","שדות דן","שדות דן","2817","4340","המרכז","מועצה אזורית","מועצה אזורית","16283","16283","6","6","150","0.185186921459888","8","8","232","1.97154608578318","78064","47485","30579","39.17","166043","168715","97323","57.68","5976.97","22967","1410.49","49074","3013.82","72041","4424.31","0","0","False","False","TRUE_ZERO_BALANCING","True","MOIN_AUDITED_2024_CBS_2024_STAGE4B_VERIFIED"
"5539","5539","שדות נגב","שדות נגב","שדות נגב","2868","6239","הדרום","מועצה אזורית","מועצה אזורית","12777","12777","6","6","149","0.184724417482138","3","3","80","-0.356124294840622","54988","34943","20045","36.45","148382","148388","52974","35.7","4146.08","8558","669.8","20230","1583.31","28788","2253.11","17533","1372.23","False","False","STANDARD","True","MOIN_AUDITED_2024_CBS_2024_STAGE4B_VERIFIED"
"5572","5572","שומרון","שומרון","שומרון","2894","7372","אזור יהודה והשומרון","מועצה אזורית","מועצה אזורית","48038","48038","6","6","157","0.271920649652301","5","5","155","0.24731900916334","360352","305784","54568","15.14","588296","588280","161262","27.41","3356.97","47474","988.26","44848","933.59","92322","1921.85","49444","1029.27","False","False","STANDARD","True","MOIN_AUDITED_2024_CBS_2024_STAGE4B_VERIFIED"
"5537","5537","שער הנגב","שער הנגב","שער הנגב","2865","6137","הדרום","מועצה אזורית","מועצה אזורית","9806","9806","7","7","193","0.769407841452294","4","4","93","-0.237654404170393","91324","81191","10133","11.1","211928","210452","65478","31.11","6677.34","4829","492.45","24134","2461.15","28963","2953.6","4598","468.9","False","True","WAR_EVACUATION_CONTEXT","True","MOIN_AUDITED_2024_CBS_2024_STAGE4B_VERIFIED"
"5534","5534","שפיר","שפיר","שפיר","2862","6134","הדרום","מועצה אזורית","מועצה אזורית","14842","14842","5","5","124","-0.054554409212045","5","5","142","0.158155728137278","91658","68837","22821","24.9","210363","198143","112261","56.66","7563.74","15606","1051.48","23728","1598.71","39334","2650.18","6952","468.4","False","False","STANDARD","True","MOIN_AUDITED_2024_CBS_2024_STAGE4B_VERIFIED"
"5551","5551","תמר","תמר","תמר","2872","6251","הדרום","מועצה אזורית","מועצה אזורית","2138","2138","7","7","179","0.576073557894829","1","1","13","-1.24818605789966","28816","5265","23551","81.73","217709","220556","209720","95.09","98091.67","3202","1497.66","157917","73862.02","161119","75359.68","0","0","True","False","STRUCTURAL_OUTLIER","True","MOIN_AUDITED_2024_CBS_2024_STAGE4B_VERIFIED"
